"APPLICATION_NUMBER","JAN_MEAN_DIV","FEB_MEAN_DIV","MAR_MEAN_DIV","APR_MEAN_DIV","MAY_MEAN_DIV","JUN_MEAN_DIV","JUL_MEAN_DIV","AUG_MEAN_DIV","SEP_MEAN_DIV","OCT_MEAN_DIV","NOV_MEAN_DIV","DEC_MEAN_DIV","TOTAL_EXPECTED_ANNUAL_DIVERSION","TOTAL_MAY_SEPT_DIV","WATER_RIGHT_TYPE","WATER_RIGHT_STATUS","PRIMARY_OWNER_TYPE","APPLICATION_PRIMARY_OWNER","SOURCE_NAME","TRIB_DESC","WATERSHED","PRIMARY_USE","FULLY NON-CONSUMPTIVE","POWER_DEMAND_ZEROED","ASSIGNED_PRIORITY_DATE_SUB","ASSIGNED_PRIORITY_DATE_SOURCE","PRE_1914","RIPARIAN","APPROPRIATIVE","FACE_VALUE_AMOUNT_AF","INI_REPORTED_DIV_AMOUNT_AF","NULL_DEMAND","PERCENT_FACE","ZERO_DEMAND","ORIGINAL_APPLICATION_NUMBER","BASIN"
"A009618",0,0,0,0,1.1757625,2.020275,1.5510125,0.625375,0.00025,0,0,0,5.372675,5.372675,"Appropriative","Licensed","Individual","JAMES C GOWAN","NAVARRO RIVER",NA,"MENDOCINO COAST","Irrigation","N","N",19390615,"APPLICATION_ACCEPTANCE_DATE",NA,"N","APPROPRIATIVE",50,NA,"N",0.1074535,"N","A009618",2664873
"A012489",0,0,0,0,0.0204593333333333,0.0204593333333333,0.0204593333333333,0.0204593333333333,0.0204593333333333,0.0245512,0.0245512,0,0.151399066666667,0.102296666666667,"Appropriative","Licensed","Limited Liability Company","THE LAND LLC","RANCHERIA CREEK",NA,"MENDOCINO COAST","Irrigation","N","N",19480428,"APPLICATION_ACCEPTANCE_DATE",NA,"N","APPROPRIATIVE",47.7,NA,"N",0.00317398462613557,"N","A012489",2664981
"A013176",0,0,0,0,0,0,0,0,0,0,0,0,0,0,"Appropriative","Licensed","Individual","JAN  WASSON-SMITH","CON CREEK","ANDERSON CREEK","MENDOCINO COAST","Irrigation","N","N",19490627,"APPLICATION_ACCEPTANCE_DATE",NA,"N","APPROPRIATIVE",53.3,NA,"N",0,"Y","A013176",2665057
"A015098",0.351985714285714,0.383393285714286,0.333144857142857,0.203321,0.288411142857143,0.284195,0.335326714285714,0.268033285714286,0.164145285714286,0.1917525,0.242907166666667,0.302131,3.34874695238095,1.34011142857143,"Appropriative","Licensed","Government (State/Municipal)","CALIF DEPT OF FORESTRY & FIRE PROTECTION","UNSP",NA,"MENDOCINO COAST","Domestic","N","N",19521126,"APPLICATION_ACCEPTANCE_DATE",NA,"N","APPROPRIATIVE",5.4,NA,"N",0.620138324514991,"N","A015098",2666019
"A015425A",0,0,0,0,0.9883836392,0.923967678,0.970508231,0.3991466,0.0882028,0,0,0,3.3702089482,3.3702089482,"Appropriative","Licensed","Corporation","SIGNAL RIDGE VINEYARDS","ANDERSON CREEK",NA,"MENDOCINO COAST","Irrigation","N","N",19530723,"APPLICATION_ACCEPTANCE_DATE",NA,"N","APPROPRIATIVE",22,NA,"N",0.153191315827273,"N","A015425A",2665023
"A015425B",0,0,0.004143,0.04143,0.165538,0.27042775,0.192302875,0.0875,0.0625,0,0,0,0.823841625,0.778268625,"Appropriative","Licensed","Limited Liability Company","SIGNAL RIDGE VINEYARDS","ANDERSON CREEK",NA,"MENDOCINO COAST","Irrigation","N","N",19530723,"APPLICATION_ACCEPTANCE_DATE",NA,"N","APPROPRIATIVE",30,NA,"N",0.0274613875,"N","A015425B",2665023
"A015520",0,0,0,0,0,0,0,0,0,0,0,0,0,0,"Appropriative","Licensed","Individual","MARY  RADICEVIC","INDIAN CREEK",NA,"MENDOCINO COAST","Irrigation","N","N",19530902,"APPLICATION_ACCEPTANCE_DATE",NA,"N","APPROPRIATIVE",50.6,NA,"N",0,"Y","A015520",2664961
"A015696",0,0,0,0,0,0,0,0,0,0,0,0,0,0,"Appropriative","Licensed","Individual","PHILLIP W WASSON","ANDERSON CREEK",NA,"MENDOCINO COAST","Irrigation","N","N",19540121,"PRIORITY_DATE",NA,"N","APPROPRIATIVE",48.5,NA,"N",0,"Y","A015696",2665081
"A015733",0,0,0,0.375,3.6825,7.30375,8.3025,5.245,0.275,0,0,0,25.18375,24.80875,"Appropriative","Licensed","Corporation","YGGDRASIL LAND FOUNDATION INC","ANDERSON CREEK",NA,"MENDOCINO COAST","Irrigation","N","N",19540218,"APPLICATION_ACCEPTANCE_DATE",NA,"N","APPROPRIATIVE",65.7,NA,"N",0.383314307458143,"N","A015733",2665059
"A015799",0.24912664775,0.28997664775,0.25675164775,0.25427664775,0.2295282955,0.357206591,0.412431591,0.431581591,0.378056591,0.263971060666667,0.252437727333333,0.329835530333333,3.70518056883333,1.8088046595,"Appropriative","Licensed","Limited Liability Company","DE VALL FAMILY HOLDINGS, LLC","ANDERSON CREEK",NA,"MENDOCINO COAST","Irrigation","N","N",19540326,"APPLICATION_ACCEPTANCE_DATE",NA,"N","APPROPRIATIVE",119.4,NA,"N",0.0310316630555556,"N","A015799",2665023
"A015986_1",0,0,0,0,0,0,0,0,0,0,0,0,0,0,"Appropriative","Licensed","Limited Partner","Cakebread Properties #14, LP","ANDERSON CREEK",NA,"MENDOCINO COAST","Irrigation","N","N",19540809,"APPLICATION_ACCEPTANCE_DATE",NA,"N","APPROPRIATIVE",67,NA,"N",0,"Y","A015986",2665021
"A015986_2",0,0,0,0,0,0,0,0,0,0,0,0,0,0,"Appropriative","Licensed","Limited Partner","Cakebread Properties #14, LP","ANDERSON CREEK",NA,"MENDOCINO COAST","Irrigation","N","N",19540809,"APPLICATION_ACCEPTANCE_DATE",NA,"N","APPROPRIATIVE",67,NA,"N",0,"Y","A015986",2665059
"A018052A",0,0,0,0,3.53,5.32375,2.01125,0.175,0,0,0,0,11.04,11.04,"Appropriative","Licensed","Individual","BARBARA R BANKE","NAVARRO RIVER","PACIFIC OCEAN","MENDOCINO COAST","Irrigation","N","N",19580317,"APPLICATION_RECD_DATE",NA,"N","APPROPRIATIVE",30,NA,"N",0.368,"N","A018052A",2664839
"A018052B",0,0,0,0,0.75,0,1.21875,0.25875,0,0,0,0,2.2275,2.2275,"Appropriative","Licensed","Corporation","LMR WINE ESTATES LLC","NAVARRO RIVER","PACIFIC OCEAN","MENDOCINO COAST","Irrigation","N","N",19580317,"APPLICATION_ACCEPTANCE_DATE",NA,"N","APPROPRIATIVE",30,NA,"N",0.07425,"N","A018052B",2664839
"A018907",0,0,0,1.2,1.2875,1.4625,1.47375,1.2875,1.50625,0,0,0,8.2175,7.0175,"Appropriative","Licensed","Individual","MARVIN  DUTRA","INDIAN CREEK",NA,"MENDOCINO COAST","Irrigation","N","N",19590810,"APPLICATION_ACCEPTANCE_DATE",NA,"N","APPROPRIATIVE",10.6,NA,"N",0.775235849056604,"N","A018907",2664921
"A020838",2.875,2.125,2.5,1.4375,0.9375,0,0,0,0,0.142857142857143,0.428571428571429,1,11.4464285714286,0.9375,"Appropriative","Licensed","Limited Liability Company","PERRY GULCH RANCH, LLC","UNST",NA,"MENDOCINO COAST","Irrigation","N","N",19620702,"APPLICATION_ACCEPTANCE_DATE",NA,"N","APPROPRIATIVE",24.3,NA,"N",0.471046443268665,"N","A020838",2664663
"A021256A",0.01125,0.0125,0.02375,0.0975,0.10625,1.535,0.82,0.31625,0.2225,0.0885714285714286,0.0542857142857143,0.0285714285714286,3.31642857142857,3,"Appropriative","Licensed","Corporation","JACKSON FAMILY INVESTMENTS III","INDIAN CREEK",NA,"MENDOCINO COAST","Irrigation","N","N",19630424,"APPLICATION_ACCEPTANCE_DATE",NA,"N","APPROPRIATIVE",29.4,NA,"N",0.112803692905734,"N","A021256A",2664961
"A021256B",0,0,0,0,0.0975,0.13625,0,0,0,0,0,0,0.23375,0.23375,"Appropriative","Licensed","Corporation","ANDERSON VINEYARDS INC","INDIAN CREEK",NA,"MENDOCINO COAST","Fish and Wildlife Preservation and Enhancement","Y","N",19900424,"APPLICATION_ACCEPTANCE_DATE",NA,"N","APPROPRIATIVE",70.6,NA,"N",0.00331090651558074,"N","A021256B",2664961
"A021853",0,0,0,0,0,0,0,0,0,0,0,0,0,0,"Appropriative","Licensed","Limited Partner","Cakebread Properties #14, LP","ANDERSON CREEK",NA,"MENDOCINO COAST","Irrigation","N","N",19640717,"APPLICATION_ACCEPTANCE_DATE",NA,"N","APPROPRIATIVE",23,NA,"N",0,"Y","A021853",2665059
"A022213",0.742857142857143,0.0285714285714286,0,0,0,0,0,0,0.0142857142857143,0.166666666666667,0,0.0333333333333333,0.985714285714286,0.0142857142857143,"Appropriative","Licensed","Individual","ELISABETH  HOVLAND","UNST",NA,"MENDOCINO COAST","Recreational","Y","N",19650709,"APPLICATION_ACCEPTANCE_DATE",NA,"N","APPROPRIATIVE",1,NA,"N",0.985714285714286,"N","A022213",2664503
"A022747",0,0,0,0,0,0.246,0.246,0.246,0.18,0,0,0,0.918,0.918,"Appropriative","Licensed","Individual","ENRIQUE  MENDOZA J","UNST",NA,"MENDOCINO COAST","Irrigation","N","N",19670404,"APPLICATION_ACCEPTANCE_DATE",NA,"N","APPROPRIATIVE",1.9,NA,"N",0.483157894736842,"N","A022747",2664999
"A022870_1",0.0138419037685553,0.030476472332521,0.04638251964551,0.0854798267812541,0.131498085801276,0.152989462705085,0.227055789887706,0.245997342413098,0.240897693656261,0.183032291435835,0.107543613239402,0.0353853179045776,1.50058031957108,0.998438374463426,"Appropriative","Licensed","Trust","SARATH B RAVIPATI & CARLA J RAVIPATI TRUSTEES OF THE RAVIPATI FAMILY TRUST","Rancheria Creek","Navarro River","MENDOCINO COAST","Irrigation","N","N",19670802,"APPLICATION_ACCEPTANCE_DATE",NA,"N","APPROPRIATIVE",75.7,NA,"N",0.0198227254897105,"N","A022870",2666295
"A022870_2",0.000408096231444655,0.00089852766747902,0.00136748035448998,0.00252017321874594,0.00387691419872422,0.0045105372949146,0.00669421011229389,0.00725265758690237,0.00710230634373855,0.00539627999273684,0.00317067247488328,0.00104325352399385,0.0442411090003472,0.0294366255365736,"Appropriative","Licensed","Trust","SARATH B RAVIPATI & CARLA J RAVIPATI TRUSTEES OF THE RAVIPATI FAMILY TRUST","Rancheria Creek","Navarro River","MENDOCINO COAST","Irrigation","N","N",19670802,"APPLICATION_ACCEPTANCE_DATE",NA,"N","APPROPRIATIVE",75.7,NA,"N",0.000584426803174996,"N","A022870",2666841
"A023120",0,0,2.93,0.78875,0.67375,0.6225,0.3,0.175,0,0,0,0,5.49,1.77125,"Appropriative","Licensed","Partnership or Co-owners","Husch Vineyards, Inc.","NAVARRO RIVER",NA,"MENDOCINO COAST","Irrigation","N","N",19680828,"APPLICATION_RECD_DATE",NA,"N","APPROPRIATIVE",84,NA,"N",0.0653571428571429,"N","A023120",2665621
"A023377",0.003951125,0.003951125,0.00594575,0.00575425,0.007096875,0.010747875,0.01304925,0.01343275,0.013241,0.0116254285714286,0.00723385714285714,0.00605028571428571,0.102079571428571,0.05756775,"Appropriative","Licensed","Individual","MORGAN F BAYNHAM","UNST",NA,"MENDOCINO COAST","Irrigation","N","N",19691028,"APPLICATION_ACCEPTANCE_DATE",NA,"N","APPROPRIATIVE",0.4,NA,"N",0.255198928571429,"N","A023377",2664999
"A024323",5.375,0.925,0,0.20625,0,0,0,0,0,0,0,13.3357142857143,19.8419642857143,0,"Appropriative","Licensed","Corporation","ANDERSON VINEYARDS INC","UNST",NA,"MENDOCINO COAST","Irrigation","N","N",19730315,"APPLICATION_ACCEPTANCE_DATE",NA,"N","APPROPRIATIVE",40,NA,"N",0.496049107142857,"N","A024323",2665145
"A024324",0.5,0.5,0.2,0.1,0,0,0,0,0,0,0,0.01,1.31,0,"Appropriative","Licensed","Individual","NICK  ROSSI","UNST",NA,"MENDOCINO COAST","Stockwatering","N","N",19730315,"APPLICATION_ACCEPTANCE_DATE",NA,"N","APPROPRIATIVE",3,NA,"N",0.436666666666667,"N","A024324",2665169
"A024352A",0,0,0,0,0,0,0,0,0,0,0,0,0,0,"Appropriative","Licensed","Individual","VILLA  AMOROSA","WITHERELL CREEK",NA,"MENDOCINO COAST","Irrigation","N","N",19730412,"APPLICATION_ACCEPTANCE_DATE",NA,"N","APPROPRIATIVE",7.2,NA,"N",0,"Y","A024352A",2665079
"A024352B",0,0,0,0,0,0,0,0,0,0,0,0,0,0,"Appropriative","Licensed","Individual","VILLA  AMOROSA","WITHERELL CREEK",NA,"MENDOCINO COAST","Frost Protection","N","N",19730412,"APPLICATION_ACCEPTANCE_DATE",NA,"N","APPROPRIATIVE",1.6,NA,"N",0,"Y","A024352B",2665079
"A024492",0,0,0,0,0,0,0,0,0,0,0,0,0,0,"Appropriative","Licensed","Corporation","ANDERSON VINEYARDS INC","UNST",NA,"MENDOCINO COAST","Irrigation","N","N",19731019,"APPLICATION_ACCEPTANCE_DATE",NA,"N","APPROPRIATIVE",7,NA,"N",0,"Y","A024492",2665145
"A024524",0,0,0.125,0.2875,0.16313975,0.125213625,0.062744875,2.5e-05,0,0,0,0,0.76362325,0.35112325,"Appropriative","Licensed","Individual","JAMES C GOWAN","UNST",NA,"MENDOCINO COAST","Irrigation","N","N",19740114,"APPLICATION_ACCEPTANCE_DATE",NA,"N","APPROPRIATIVE",8.4,NA,"N",0.0909075297619048,"N","A024524",2664843
"A024525",0,0,0.25,0,1.1875,10.98125,8.0025,1.605,0.25,0,0,0,22.27625,22.02625,"Appropriative","Licensed","Individual","JAMES C GOWAN","NAVARRO RIVER",NA,"MENDOCINO COAST","Irrigation","N","N",19740114,"APPLICATION_ACCEPTANCE_DATE",NA,"N","APPROPRIATIVE",181,NA,"N",0.12307320441989,"N","A024525",2664873
"A024526",0,0,0,0,0.375,0,0,0,0,0,0,0,0.375,0.375,"Appropriative","Licensed","Individual","JAMES C GOWAN","NAVARRO RIVER",NA,"MENDOCINO COAST","Irrigation","N","N",19740114,"APPLICATION_ACCEPTANCE_DATE",NA,"N","APPROPRIATIVE",14.9,NA,"N",0.0251677852348993,"N","A024526",2664873
"A024868A",7.62875,1.2,0.81,0.42875,0.175,0,0,0,0,0.355714285714286,0.354285714285714,6.29285714285714,17.2453571428571,0.175,"Appropriative","Permitted","Limited Liability Company","SILVER OAK WINE CELLARS, LLC","UNST",NA,"MENDOCINO COAST","Irrigation","N","N",19750829,"APPLICATION_ACCEPTANCE_DATE",NA,"N","APPROPRIATIVE",70,NA,"N",0.246362244897959,"N","A024868A",2664777
"A024868B",0,0,0,0,0.05,0,0,0,0,0,0,0,0.05,0.05,"Appropriative","Permitted","Limited Liability Company","SILVER OAK WINE CELLARS, LLC","UNST",NA,"MENDOCINO COAST","Frost Protection","N","N",19750829,"APPLICATION_ACCEPTANCE_DATE",NA,"N","APPROPRIATIVE",30,NA,"N",0.00166666666666667,"N","A024868B",2664777
"A024943",9.9375,1.6875,0.0625,0,0,0,0,0,0,0,1.42857142857143,3.92857142857143,17.0446428571429,0,"Appropriative","Licensed","Individual","MARGARET  ORDWAY","UNST",NA,"MENDOCINO COAST","Irrigation","N","N",19751121,"APPLICATION_ACCEPTANCE_DATE",NA,"N","APPROPRIATIVE",175,NA,"N",0.0973979591836735,"N","A024943",2664777
"A025007A_1",4.46033746292565,2.17044185388802,1.96386357089994,0.887683868542943,0.327675897153506,0.118905802144333,0,0,0.00109590601054684,0.762124351334576,1.16103413917363,1.74843976082674,13.6016026128999,0.447677605308386,"Appropriative","Licensed","Limited Liability Company","NAVARRO RANCH LLC","UNST",NA,"MENDOCINO COAST","Irrigation","N","N",19760226,"APPLICATION_ACCEPTANCE_DATE",NA,"N","APPROPRIATIVE",48.7,NA,"N",0.279293688149895,"N","A025007A",2664779
"A025007A_2",5.71466253707435,2.78080814611198,2.51613642910006,1.13731613145706,0.419824102846494,0.152344197855668,0,0,0.00140409398945316,0.976447077236852,1.4875372893978,2.24013166774469,17.4266116728144,0.573572394691615,"Appropriative","Licensed","Limited Liability Company","NAVARRO RANCH LLC","UNST",NA,"MENDOCINO COAST","Irrigation","N","N",19760226,"APPLICATION_ACCEPTANCE_DATE",NA,"N","APPROPRIATIVE",48.7,NA,"N",0.357835968640953,"N","A025007A",2664843
"A025007B_1",0,0,0,0.51562377796229,0.0547953005273422,0,0,0,0,0,0,0,0.570419078489632,0.0547953005273422,"Appropriative","Licensed","Limited Liability Company","NAVARRO RANCH LLC","UNST",NA,"MENDOCINO COAST","Irrigation","N","N",19760226,"APPLICATION_ACCEPTANCE_DATE",NA,"N","APPROPRIATIVE",24.2,NA,"N",0.0235710363012245,"N","A025007B",2664779
"A025007B_2",0,0,0,0.66062622203771,0.0702046994726578,0,0,0,0,0,0,0,0.730830921510368,0.0702046994726578,"Appropriative","Licensed","Limited Liability Company","NAVARRO RANCH LLC","UNST",NA,"MENDOCINO COAST","Irrigation","N","N",19760226,"APPLICATION_ACCEPTANCE_DATE",NA,"N","APPROPRIATIVE",24.2,NA,"N",0.0301996248558003,"N","A025007B",2664843
"A025060",2.78125,0.125,0,0,0,0,0,0,0,0,0.571428571428571,1.21428571428571,4.69196428571429,0,"Appropriative","Licensed","Individual","MARGARET  ORDWAY","UNST",NA,"MENDOCINO COAST","Irrigation","N","N",19760505,"APPLICATION_ACCEPTANCE_DATE",NA,"N","APPROPRIATIVE",11,NA,"N",0.426542207792208,"N","A025060",2664779
"A025061A",6.375,1.15625,0.125,0,0,0,0,0,0,0,1.42857142857143,4.14285714285714,13.2276785714286,0,"Appropriative","Licensed","Individual","MARGARET  ORDWAY","UNST",NA,"MENDOCINO COAST","Irrigation","N","N",19760505,"APPLICATION_ACCEPTANCE_DATE",NA,"N","APPROPRIATIVE",44,NA,"N",0.300629058441558,"N","A025061A",2664771
"A025147",0.6875,0.6875,1,0.4375,0.40625,0,0,0,0,0.142857142857143,0.428571428571429,0.857142857142857,4.64732142857143,0.40625,"Appropriative","Licensed","Limited Liability Company","PERRY GULCH RANCH, LLC","GULCH 1",NA,"MENDOCINO COAST","Domestic","N","N",19760914,"APPLICATION_ACCEPTANCE_DATE",NA,"N","APPROPRIATIVE",9,NA,"N",0.516369047619048,"N","A025147",2664663
"A025771",0.5,0.5625,0.3125,0,0,0,0,0,0,0,0.5,0.571428571428571,2.44642857142857,0,"Appropriative","Licensed","Individual","EMERALD EARTH SANCTUARY","UNST",NA,"MENDOCINO COAST","Recreational","Y","N",19780626,"APPLICATION_ACCEPTANCE_DATE",NA,"N","APPROPRIATIVE",2.5,NA,"N",0.978571428571428,"N","A025771",2664925
"A027580",9.74625,0,2.9375,1.2775,0.875,0,1.07,0,0,0,1.72,3.86571428571429,21.4919642857143,1.945,"Appropriative","Permitted","Corporation","LMR WINE ESTATES LLC","NAVARRO RIVER",NA,"MENDOCINO COAST","Frost Protection","N","N",19821109,"APPLICATION_ACCEPTANCE_DATE",NA,"N","APPROPRIATIVE",20,NA,"N",1.07459821428571,"N","A027580",2664839
"A027758",10.106225,0.2,2.308625,0.565,0,0,0,0,0,0,0.211142857142857,4.01562857142857,17.4066214285714,0,"Appropriative","Permitted","Corporation","ANDERSON VINEYARDS INC",NA,NA,"MENDOCINO COAST","Irrigation","N","N",19830523,"APPLICATION_RECD_DATE",NA,"N","APPROPRIATIVE",75,NA,"N",0.232088285714286,"N","A027758",2665619
"A027896",0,0,0,0,0,0,0,0,0,0,0,0,0,0,"Appropriative","Permitted","Individual","VILLA  AMOROSA","WITHERELL CREEK",NA,"MENDOCINO COAST","Irrigation","N","N",19831004,"APPLICATION_ACCEPTANCE_DATE",NA,"N","APPROPRIATIVE",5,NA,"N",0,"Y","A027896",2665079
"A028227_1",2.00057642225326,0.458088712408581,0.35233378239081,0.338087004253701,0,0,0,0,0,0.0425837764098202,0.212918882049101,1.25997879612586,4.66456737589113,0,"Appropriative","Licensed","Limited Liability Company","NAVARRO RANCH LLC","UNST",NA,"MENDOCINO COAST","Irrigation","N","N",19840821,"APPLICATION_ACCEPTANCE_DATE",NA,"N","APPROPRIATIVE",12,NA,"N",0.388713947990928,"N","A028227",2664779
"A028227_2",2.56317357774674,0.586911287591419,0.45141621760919,0.433162995746299,0,0,0,0,0,0.0545590807330369,0.272795403665185,1.61430691815986,5.97632548125172,0,"Appropriative","Licensed","Limited Liability Company","NAVARRO RANCH LLC","UNST",NA,"MENDOCINO COAST","Irrigation","N","N",19840821,"APPLICATION_ACCEPTANCE_DATE",NA,"N","APPROPRIATIVE",12,NA,"N",0.498027123437644,"N","A028227",2664843
"A028944",8.578125,0.85,2.94,0.6875,0,0,0,0,0,1.16,0.302857142857143,4.16428571428571,18.6827678571429,0,"Appropriative","Permitted","Corporation","ANDERSON VINEYARDS INC","UNST",NA,"MENDOCINO COAST","Irrigation","N","N",19861230,"APPLICATION_ACCEPTANCE_DATE",NA,"N","APPROPRIATIVE",122,NA,"N",0.153137441451991,"N","A028944",2664783
"A028945",0,0,0,0,0,0,0,0,0,0,0,0,0,0,"Appropriative","Permitted","Corporation","ANDERSON VINEYARDS INC","GRAVEYARD CREEK",NA,"MENDOCINO COAST","Frost Protection","N","N",19861203,"APPLICATION_ACCEPTANCE_DATE",NA,"N","APPROPRIATIVE",40,NA,"N",0,"Y","A028945",2665085
"A028946",6.6462,0.285,0.6675,0,0,0,0,0,0,0,0.171428571428571,2.98671428571429,10.7568428571429,0,"Appropriative","Permitted","Corporation","ANDERSON VINEYARDS INC","GRAVEYARD CREEK",NA,"MENDOCINO COAST","Irrigation","N","N",19861203,"APPLICATION_ACCEPTANCE_DATE",NA,"N","APPROPRIATIVE",80,NA,"N",0.134460535714286,"N","A028946",2665085
"A028947",0,0,0,1.25375,0,0,0,0,0,0,0,0,1.25375,0,"Appropriative","Permitted","Corporation","ANDERSON VINEYARDS INC","MILL CREEK",NA,"MENDOCINO COAST","Frost Protection","N","N",19861203,"APPLICATION_RECD_DATE",NA,"N","APPROPRIATIVE",50,NA,"N",0.025075,"N","A028947",2664783
"A029192",3.951804875,1.260841125,1.12634175,0.0999,0.07625,0.0025,0,0,0,0.0371428571428571,0.299377285714286,1.85434257142857,8.70850046428571,0.07875,"Appropriative","Licensed","Government (State/Municipal)","HANDLEY CELLARS","MILL CREEK",NA,"MENDOCINO COAST","Irrigation","N","N",19880209,"APPLICATION_ACCEPTANCE_DATE",NA,"N","APPROPRIATIVE",24,NA,"N",0.362854186011905,"N","A029192",2664737
"A029305",2.05,1.8375,0.825,0.3375,0.15,0,0,0,0,0,1.64285714285714,0.714285714285714,7.55714285714286,0.15,"Appropriative","Licensed","Individual","DUCKHORN WINE COMPANY","UNST",NA,"MENDOCINO COAST","Irrigation","N","N",19880721,"APPLICATION_ACCEPTANCE_DATE",NA,"N","APPROPRIATIVE",18.6,NA,"N",0.406298003072197,"N","A029305",2664681
"A029594",3.75,2.125,0.60625,0,0,0,0,0,0,0.285714285714286,0.428571428571429,2.76428571428571,9.95982142857143,0,"Appropriative","Permitted","Limited Liability Company","JACKSON FAMILY INVESTMENTS III, LLC","UNST",NA,"MENDOCINO COAST","Irrigation","N","N",19891026,"APPLICATION_ACCEPTANCE_DATE",NA,"N","APPROPRIATIVE",71,NA,"N",0.140279175050302,"N","A029594",2665623
"A029645",0.4875,0.175,0.225,0,0,0,0,0,0,0.428571428571429,0.478571428571429,2.14285714285714,3.9375,0,"Appropriative","Permitted","Limited Liability Company","HELLUVA VINEYARDS LLC","UNST",NA,"MENDOCINO COAST","Irrigation","N","N",19900118,"APPLICATION_ACCEPTANCE_DATE",NA,"N","APPROPRIATIVE",15,NA,"N",0.2625,"N","A029645",2665145
"A029646",0.15,0,0,0,0,0,0,0,0,0.0416666666666667,0.0333333333333333,0.0333333333333333,0.258333333333333,0,"Appropriative","Permitted","Limited Liability Company","HELLUVA VINEYARDS LLC","UNST",NA,"MENDOCINO COAST","Frost Protection","N","N",19900118,"PRIORITY_DATE",NA,"N","APPROPRIATIVE",6,NA,"N",0.0430555555555555,"N","A029646",2665145
"A029672",3.4625,2.0875,1.4375,0.75,0,0,0,0,0,0,0.571428571428571,1.28571428571429,9.59464285714286,0,"Appropriative","Permitted","Individual","JEANNE M MOULTON","UNST",NA,"MENDOCINO COAST","Irrigation","N","N",19900306,"APPLICATION_ACCEPTANCE_DATE",NA,"N","APPROPRIATIVE",19,NA,"N",0.504981203007519,"N","A029672",2664729
"A029679",16.8764375,1.27525,3.42175,0,0,0,0,0,0,0,0,5.79378571428571,27.3672232142857,0,"Appropriative","Permitted","Individual","Redwood Grove Vineyards","UNST",NA,"MENDOCINO COAST","Irrigation","N","N",19900307,"APPLICATION_RECD_DATE",NA,"N","APPROPRIATIVE",90,NA,"N",0.304080257936508,"N","A029679",2664911
"A029711",3.81625,1.56875,1.10375,0,0,0,0,0,0,0,0,1.18714285714286,7.67589285714286,0,"Appropriative","Permitted","Limited Liability Company","NAVARRO RANCH LLC","UNST",NA,"MENDOCINO COAST","Irrigation","N","N",19900404,"APPLICATION_ACCEPTANCE_DATE",NA,"N","APPROPRIATIVE",30,NA,"N",0.255863095238095,"N","A029711",2664843
"A029907",4.75,0,0,0,0,0,0,0,0,0,0,1.42857142857143,6.17857142857143,0,"Appropriative","Permitted","Limited Liability Company","LULA CELLARS","UNST",NA,"MENDOCINO COAST","Irrigation","N","N",19910214,"APPLICATION_ACCEPTANCE_DATE",NA,"N","APPROPRIATIVE",6,NA,"N",1.0297619047619,"N","A029907",2664729
"A029910",2.58,0.375,0,0,0,0,0,0,0,0,0,3.5,6.455,0,"Appropriative","Permitted","Corporation","WINSIDE USA INC DBA THE DONUM ESTATE","NAVARRO RIVER",NA,"MENDOCINO COAST","Irrigation","N","N",19910219,"APPLICATION_RECD_DATE",NA,"N","APPROPRIATIVE",55.6,NA,"N",0.116097122302158,"N","A029910",2664901
"A029911",0,0,0,0,0,0,0,0,0,0,0,0,0,0,"Appropriative","Permitted","Corporation","WINSIDE USA INC DBA THE DONUM ESTATE","NAVARRO RIVER",NA,"MENDOCINO COAST","Frost Protection","N","N",19910304,"APPLICATION_RECD_DATE",NA,"N","APPROPRIATIVE",40,NA,"N",0,"Y","A029911",2664901
"A030448",5.3,4.1875,2.525,0,0,0,0,0,0,0,0,5.8,17.8125,0,"Appropriative","Permitted","Individual","BARBARA R BANKE","NAVARRO RIVER",NA,"MENDOCINO COAST","Irrigation","N","N",19950519,"APPLICATION_RECD_DATE",NA,"N","APPROPRIATIVE",70,NA,"N",0.254464285714286,"N","A030448",2664839
"A030449",0,0,0,0,0,0,0,0,0,0,0,0,0,0,"Appropriative","Permitted","Individual","BARBARA R BANKE","NAVARRO RIVER","PACIFIC OCEAN","MENDOCINO COAST","Frost Protection","N","N",19950519,"APPLICATION_RECD_DATE",NA,"N","APPROPRIATIVE",15,NA,"N",0,"Y","A030449",2664839
"A030717",1.27125,0.29625,0.0725,0.0975,0,0,0,0,0,0.0628571428571429,0.0142857142857143,0.438571428571429,2.25321428571429,0,"Appropriative","Permitted","Individual","Dave  Jenks","UNST",NA,"MENDOCINO COAST","Irrigation","N","N",19980505,"APPLICATION_RECD_DATE",NA,"N","APPROPRIATIVE",3.8,NA,"N",0.592951127819549,"N","A030717",2664729
"A030718",0,0,0,0.142857142857143,0,0.0714285714285714,0.142857142857143,0.142857142857143,0.142857142857143,0,0,3.78,4.42285714285714,0.5,"Appropriative","Permitted","Individual","MATTHEW   ELKE","WITHERELL CK.",NA,"MENDOCINO COAST","Irrigation","N","N",19980506,"PRIORITY_DATE",NA,"N","APPROPRIATIVE",30,NA,"N",0.147428571428571,"N","A030718",2665079
"A030722_1",0.298998283844813,0.0652635847986141,0.00682991003706426,0,0,0,0,0,0,0,0,0.259319758867583,0.630411537548074,0,"Appropriative","Permitted","Limited Liability Company","EAGLE CREEK PACIFIC, LLC","ANDERSON CREEK",NA,"MENDOCINO COAST","Irrigation","N","N",19980507,"APPLICATION_RECD_DATE",NA,"N","APPROPRIATIVE",100,NA,"N",0.00630411537548074,"N","A030722",2665153
"A030722_2",4.62600171615519,1.00973641520139,0.105670089962936,0,0,0,0,0,0,0,0,4.01210881256099,9.7535170338805,0,"Appropriative","Permitted","Limited Liability Company","EAGLE CREEK PACIFIC, LLC","ANDERSON CREEK",NA,"MENDOCINO COAST","Irrigation","N","N",19980507,"APPLICATION_RECD_DATE",NA,"N","APPROPRIATIVE",100,NA,"N",0.097535170338805,"N","A030722",2665169
"A030859",24,17,8,0,0,0,0,0,0,0,0,2,51,0,"Appropriative","Permitted","Corporation","Pathways in Education","UNNAMED STREAM","DAGO CREEK","MENDOCINO COAST","Recreational","Y","N",19981020,"APPLICATION_RECD_DATE",NA,"N","APPROPRIATIVE",51,NA,"N",1,"N","A030859",2665037
"A030860",2.02625,0.145,0.5675,0,0,0,0,0,0,0,0,2.18,4.91875,0,"Appropriative","Permitted","Individual","SAMUEL  BAKER","UNST",NA,"MENDOCINO COAST","Irrigation","N","N",19981110,"PRIORITY_DATE",NA,"N","APPROPRIATIVE",9.5,NA,"N",0.517763157894737,"N","A030860",2665627
"A030870_1",0.966692415738952,0.287457522685699,0.265238880467194,0,0,0,0,0,0,0,0,0.292105784208954,1.8114946031008,0,"Appropriative","Permitted","Corporation","ANDERSON VINEYARDS INC","UNST",NA,"MENDOCINO COAST","Irrigation","N","N",19981216,"APPLICATION_RECD_DATE",NA,"N","APPROPRIATIVE",40,NA,"N",0.04528736507752,"N","A030870",2664729
"A030870_2",3.36128258426105,0.999517477314301,0.922261119532806,0,0,0,0,0,0,0,0,1.01567993007676,6.29874111118491,0,"Appropriative","Permitted","Corporation","ANDERSON VINEYARDS INC","UNST",NA,"MENDOCINO COAST","Irrigation","N","N",19981216,"APPLICATION_RECD_DATE",NA,"N","APPROPRIATIVE",40,NA,"N",0.157468527779623,"N","A030870",2664737
"A030994",0.854625,0.815625,0.729625,0.05125,0,0.075,0,0,0.0125,0.0301,0.187857142857143,0.9235,3.68008214285714,0.0875,"Appropriative","Permitted","Individual","EDWARD R LEMON","UNNAMED STREAM","CON CREEK","MENDOCINO COAST","Irrigation","N","N",19990723,"APPLICATION_RECD_DATE",NA,"N","APPROPRIATIVE",9,NA,"N",0.408898015873016,"N","A030994",2665019
"A031003",0,0,0,0,0,0,0,0,0,0,0,0,0,0,"Appropriative","Permitted","Individual","MATTHEW   ELKE","WITHERELL CREEK",NA,"MENDOCINO COAST","Frost Protection","N","N",19990823,"PRIORITY_DATE",NA,"N","APPROPRIATIVE",20,NA,"N",0,"Y","A031003",2665079
"A031004",0.9,0.4,0.325,0.00625,0,0,0,0,0.00875,0,0.0428571428571429,0.307142857142857,1.99,0.00875,"Appropriative","Permitted","Individual","BRADFORD  WILEY II","UNNAMED STREAM","FLOODGATE CREEK","MENDOCINO COAST","Irrigation","N","N",20000121,"PRIORITY_DATE",NA,"N","APPROPRIATIVE",9,NA,"N",0.221111111111111,"N","A031004",2664729
"A031133",0.0125,0.08875,0.015,0,0,0,0,0,0,0,0,0,0.11625,0,"Appropriative","Permitted","Limited Liability Company","Cakebread Vineyards, LLC","ANDERSON CREEK",NA,"MENDOCINO COAST","Irrigation","N","N",20001018,"APPLICATION_RECD_DATE",NA,"N","APPROPRIATIVE",49,NA,"N",0.00237244897959184,"N","A031133",2665143
"A031434_1",0,0,0.239805730190256,0,0,0,0,0,0,0,0,0,0.239805730190256,0,"Appropriative","Permitted","Limited Liability Company","EAGLE CREEK PACIFIC, LLC","ANDERSON CREEK",NA,"MENDOCINO COAST","Frost Protection","N","N",20030602,"APPLICATION_RECD_DATE",NA,"N","APPROPRIATIVE",50,NA,"N",0.00479611460380513,"N","A031434",2665153
"A031434_2",0,0,3.71019426980974,0,0,0,0,0,0,0,0,0,3.71019426980974,0,"Appropriative","Permitted","Limited Liability Company","EAGLE CREEK PACIFIC, LLC","ANDERSON CREEK",NA,"MENDOCINO COAST","Frost Protection","N","N",20030602,"APPLICATION_RECD_DATE",NA,"N","APPROPRIATIVE",50,NA,"N",0.0742038853961949,"N","A031434",2665169
"A032696",9.645,0.0265,2.20175,0,0,0,0,0,0,0,0,7.73965,19.6129,0,"Appropriative","Permitted","Corporation","ANDERSON VINEYARDS INC","INDIAN CREEK","Navarro","MENDOCINO COAST","Irrigation","N","N",20160715,"PRIORITY_DATE",NA,"N","APPROPRIATIVE",50,NA,"N",0.392258,"N","A032696",2664961
"C004070",0.00713516300394966,0.00644466335840614,0.00713516300394966,0.00690499645543515,0.00713516300394966,0.00690499645543515,0.00713516300394966,0.00713516300394966,0.00690499645543515,0.0081544720045139,0.00789142452049731,0.0081544720045139,0.087035836273985,0.0352154819227193,"Stockpond","Certified","Individual","ANDRES  FAVELA","Unnamed Stream","Navarro River","MENDOCINO COAST","Stockwatering","N","N",19970328,"APPLICATION_RECD_DATE",NA,"N","APPROPRIATIVE",0,NA,"N",NA,"N","C004070",2664799
"C005427",0,0,0,0,0,0,0,0,0,0,0,0,0,0,"Stockpond","Certified","Individual","EVA H JOHNSON","ANDERSON CREEK",NA,"MENDOCINO COAST","Stockwatering","N","N",19971231,"APPLICATION_RECD_DATE",NA,"N","APPROPRIATIVE",8,NA,"N",0,"Y","C005427",2665961
"D029504",0.65125,0.11125,0.54,0.0525,0,0,0,0,0,0.2,0.604285714285714,1.56142857142857,3.72071428571429,0,"Registration Domestic","Registered","Limited Liability Company","BelláValleyáRanch,áLLC","UNST","Soda Creek","MENDOCINO COAST","Domestic","N","N",19890616,"PRIORITY_DATE",NA,"N","APPROPRIATIVE",9,NA,"N",0.413412698412698,"N","D029504",2665097
"D030428",0.5,0.4,0.375,0.175,0.05,0.05,0.25,0.55,0.35,0.075,0.025,0,2.8,1.25,"Registration Domestic","Registered","Individual","TONI  WISE","UNST",NA,"MENDOCINO COAST","Domestic","N","N",19950127,"PRIORITY_DATE",NA,"N","APPROPRIATIVE",2.7,NA,"N",1.03703703703704,"N","D030428",2665003
"D030704",1.125,1.125,0.5,0.375,0.25,0,0,0,0,0,0.428571428571429,0.714285714285714,4.51785714285714,0.25,"Registration Domestic","Registered","Trust","PETER & COLLETTE ROTHSCHILD TRUST","UNST","Ornbaun Creek","MENDOCINO COAST","Domestic","N","N",19980520,"PRIORITY_DATE",NA,"N","APPROPRIATIVE",9,NA,"N",0.501984126984127,"N","D030704",2665161
"D030705",0.30875,0.22375,0.28375,0.19375,0,0,0,0,0,0,0.2,0.301428571428571,1.51142857142857,0,"Registration Domestic","Registered","Individual","Jesse   Hackett","UNSP","Unnamed Stream","MENDOCINO COAST","Domestic","N","N",19980520,"PRIORITY_DATE",NA,"N","APPROPRIATIVE",3,NA,"N",0.503809523809524,"N","D030705",2664509
"D030709",0.365833,0.037212125,0.13460625,0.076532875,0.038600875,0.003200125,0.0007995,0,0.013074875,0.270851571428571,0.0840647142857143,0.400786428571429,1.42556233928571,0.055675375,"Registration Domestic","Registered","Corporation","RONALD L & GAIL GESTER 1990 TRUST B","UNST","Ornbaum Creek","MENDOCINO COAST","Domestic","N","N",19980505,"APPLICATION_RECD_DATE",NA,"N","APPROPRIATIVE",10,NA,"N",0.142556233928571,"N","D030709",2665119
"D030713",0.125,0,0,0.125,0,0,0,0,0,0,0,0.142857142857143,0.392857142857143,0,"Registration Domestic","Registered","Individual","VALERIE L SMITH","UNST","Flood Gate Creek","MENDOCINO COAST","Domestic","N","N",19980420,"APPLICATION_RECD_DATE",NA,"N","APPROPRIATIVE",3,NA,"N",0.130952380952381,"N","D030713",2664729
"D030714",0.125,0.1875,0,0,0,0,0,0,0,0,0,0.642857142857143,0.955357142857143,0,"Registration Domestic","Registered","Individual","DENNIS  BUSSE","UNST","Flood Gate Creek","MENDOCINO COAST","Domestic","N","N",19980616,"PRIORITY_DATE",NA,"N","APPROPRIATIVE",4,NA,"N",0.238839285714286,"N","D030714",2664729
"D030719",0,0,0,0,0,0,0,0,0,0,0,0,0,0,"Registration Domestic","Registered","Trust","ANTHONY ABBOTT, TRUSTEE","UNST","Witherell Creek","MENDOCINO COAST","Domestic","N","N",19980504,"APPLICATION_RECD_DATE",NA,"N","APPROPRIATIVE",5,NA,"N",0,"Y","D030719",2665079
"D030723",0.16691675,0.16691675,0.16691675,0.16691675,0.16691675,0.16691675,0.16691675,0.16691675,0.17666675,0.166333428571429,0.166904857142857,0.152894714285714,1.99813375,0.84433375,"Registration Domestic","Registered","Individual","JAMES N SLAMA","UNNAMED STREAM","MEYER GULCH","MENDOCINO COAST","Domestic","N","N",19980529,"APPLICATION_RECD_DATE",NA,"N","APPROPRIATIVE",2,NA,"N",0.999066875,"N","D030723",2664715
"D030742",0,0,0,0,0,0,0,0,0,0,0,0,0,0,"Registration Domestic","Registered","Individual","DALE A LOTTIG","ANDERSON CREEK","Navarro River","MENDOCINO COAST","Domestic","N","N",19980707,"APPLICATION_RECD_DATE",NA,"N","APPROPRIATIVE",10,NA,"N",0,"Y","D030742",2665001
"D030767",0.25,0.1625,0.1375,0.1375,0.125,0.11875,0.1125,0.10625,0.1,0.142857142857143,0.142857142857143,0.142857142857143,1.67857142857143,0.5625,"Registration Domestic","Registered","Individual","JUDY  BASEHORE","UNST","Mill Creek","MENDOCINO COAST","Domestic","N","N",19980918,"PRIORITY_DATE",NA,"N","APPROPRIATIVE",2,NA,"N",0.839285714285714,"N","D030767",2664675
"D030773",0.215387,0.0360415,0.011534625,0.00124675,0,0,0,0,0,0.005096,0.0230538571428571,0.0389031428571429,0.331262875,0,"Registration Domestic","Registered","Corporation","HALLOMAS INC","UNNAMED STREAM","MEYER GULCH","MENDOCINO COAST","Domestic","N","N",19980504,"PRIORITY_DATE",NA,"N","APPROPRIATIVE",10,NA,"N",0.0331262875,"N","D030773",2664715
"D030774",0,0,0,0,0,0,0,0,0,0,0,0,0,0,"Registration Domestic","Registered","Individual","JEAN  LEAL","UNST","Robinsons Creek","MENDOCINO COAST","Domestic","N","N",19980429,"APPLICATION_RECD_DATE",NA,"N","APPROPRIATIVE",10,NA,"N",0,"Y","D030774",2665145
"D030778",0.375,0.375,0.375,0,0,0,0,0,0,0,0.285714285714286,0.428571428571429,1.83928571428571,0,"Registration Domestic","Registered","Individual","HENRY E GUNDLING","UNST","Dago Creek","MENDOCINO COAST","Domestic","N","N",19980810,"PRIORITY_DATE",NA,"N","APPROPRIATIVE",10,NA,"N",0.183928571428571,"N","D030778",2665627
"D030784",0,0,0,0,0,0,0,0,0,0,0,0,0,0,"Registration Domestic","Registered","Individual","MICHAEL G APTE","UNST","Mill Creek","MENDOCINO COAST","Domestic","N","N",19981009,"PRIORITY_DATE",NA,"N","APPROPRIATIVE",1.6,NA,"N",0,"Y","D030784",2665617
"D030785",1.4375,1.5,0.75,0.75,0.4375,0.5,0.5625,0.75,0.40625,0,0.571428571428571,1.14285714285714,8.80803571428571,2.65625,"Registration Domestic","Registered","Individual","ANITA  HIRSCH","UNST","Mill Creek","MENDOCINO COAST","Domestic","N","N",19980930,"PRIORITY_DATE",NA,"N","APPROPRIATIVE",10,NA,"N",0.880803571428571,"N","D030785",2665617
"D030786",0,0,0,0,0,0,0,0,0,0,0,0,0,0,"Registration Domestic","Registered","Corporation","FOGGY HILLS FARM LLC","UNST",NA,"MENDOCINO COAST","Domestic","N","N",19981009,"PRIORITY_DATE",NA,"N","APPROPRIATIVE",4.2,NA,"N",0,"Y","D030786",2666213
"D030793",0.166671781478856,0.500005114812189,0.166671781478856,5.11481218921122e-06,5.11481218921122e-06,5.11481218921122e-06,5.11481218921122e-06,5.11481218921122e-06,5.11481218921122e-06,6.13777462705346e-06,0.200006137774627,0.200006137774627,1.23339777996692,2.55740609460561e-05,"Registration Domestic","Registered","Corporation","WILSON WINES","UNST","Lazy Creek","MENDOCINO COAST","Domestic","N","N",19981009,"PRIORITY_DATE",NA,"N","APPROPRIATIVE",7,NA,"N",0.176199682852417,"N","D030793",2664779
"D030819",0,0,0,0,0.335,1.2,1.39875,1.01125,0.075,0,0,0,4.02,4.02,"Registration Domestic","Registered","Individual","CHRIS  TEBBUTT","UNST","Anderson Creek","MENDOCINO COAST","Domestic","N","N",19981207,"PRIORITY_DATE",NA,"N","APPROPRIATIVE",5.2,NA,"N",0.773076923076923,"N","D030819",2665059
"D030822",0,0,0,0,0,0,0,0,0,0,0,0,0,0,"Registration Domestic","Registered","Individual","JARED  MEDARIS","UNST",NA,"MENDOCINO COAST","Domestic","N","N",19981209,"PRIORITY_DATE",NA,"N","APPROPRIATIVE",10,NA,"N",0,"Y","D030822",2664947
"D030850",0.00573825,0.00573825,0.00573825,0.00573825,7.5e-07,7.5e-07,7.5e-07,7.5e-07,7.5e-07,8.57142857142857e-07,0.006558,0.006558,0.0360736071428572,3.75e-06,"Registration Domestic","Registered","Individual","RICHARD  COLTON","UNST",NA,"MENDOCINO COAST","Domestic","N","N",19990326,"PRIORITY_DATE",NA,"N","APPROPRIATIVE",1,NA,"N",0.0360736071428572,"N","D030850",2665023
"D030862",0,0,0,0,0,0,0,0,0,0,0,0,0,0,"Registration Domestic","Registered","Corporation","CLARK-REILLY FAMILY LIMITED PARTNERSHIP  C/O CHRISTINE CLARK","MILL CREEK","Navarro River","MENDOCINO COAST","Domestic","N","N",19990413,"PRIORITY_DATE",NA,"N","APPROPRIATIVE",5,NA,"N",0,"Y","D030862",2664783
"D030883",0,0,0,0,0,1.55e-05,1.55e-05,1.55e-05,7.5e-06,0,0,0,5.4e-05,5.4e-05,"Registration Domestic","Registered","Individual","Alan  Ornbaun","UNST",NA,"MENDOCINO COAST","Domestic","N","N",19990427,"PRIORITY_DATE",NA,"N","APPROPRIATIVE",10,NA,"N",5.4e-06,"N","D030883",2666137
"D030887",0.0125,0.0125,0.0125,0,0,0,0,0,0,0,0,0,0.0375,0,"Registration Domestic","Registered","Individual","ANDREW  RUDOVSKY","UNST",NA,"MENDOCINO COAST","Domestic","N","N",19990513,"PRIORITY_DATE",NA,"N","APPROPRIATIVE",5,NA,"N",0.0075,"N","D030887",2664677
"D030888",0,0,0,0,0,0,0,0,0,0,0,0,0,0,"Registration Domestic","Registered","Corporation","RANCHO NAVARRO ASSOCIATION INC","NEEFUS GULCH",NA,"MENDOCINO COAST","Domestic","N","N",19990513,"PRIORITY_DATE",NA,"N","APPROPRIATIVE",5,NA,"N",0,"Y","D030888",2664541
"D030889",0,0,0,0,0,0,0,0,0,0,1,0.285714285714286,1.28571428571429,0,"Registration Domestic","Registered","Individual","PETER R BRADFORD","MILL CREEK",NA,"MENDOCINO COAST","Domestic","N","N",19990317,"APPLICATION_RECD_DATE",NA,"N","APPROPRIATIVE",9,NA,"N",0.142857142857143,"N","D030889",2665987
"D030894",0.0112526,0.0112526,0.0112526,0.0112526,0.0112526,0.0112526,0.0112526,0.0112526,0.0112526,0.0112526,0.0112526,0.0112526,0.1350312,0.056263,"Registration Domestic","Registered","Limited Liability Company","ANDERSON VALLEY PROPERTIES LLC","UNST","Anderson Creek","MENDOCINO COAST","Domestic","N","N",19990513,"PRIORITY_DATE",NA,"N","APPROPRIATIVE",1,NA,"N",0.1350312,"N","D030894",2665023
"D030899",0.350767166666667,0.433947166666667,0.350741666666667,0.1847655,0.1851235,0.0205028333333333,0.0220371666666667,0.0211676666666667,0.0199911666666667,0.0220868,0.1214732,0.2209206,1.95352443333333,0.268822333333333,"Registration Domestic","Registered","Individual","SCOTT  PRATT","UNST",NA,"MENDOCINO COAST","Domestic","N","N",19990622,"PRIORITY_DATE",NA,"N","APPROPRIATIVE",10,NA,"N",0.195352443333333,"N","D030899",2664931
"D030900",0,0,0,0,0,0,0,0,0,0,0,0,0,0,"Registration Domestic","Registered","Individual","LARRY R VENTURI","UNST",NA,"MENDOCINO COAST","Domestic","N","N",19990622,"PRIORITY_DATE",NA,"N","APPROPRIATIVE",1,NA,"N",0,"Y","D030900",2664861
"D030902",0.000997,0.000997,0.000997,0.000575375,0.001725875,0.001725875,0.001725875,0.00191775,0.00191775,0.000789,0.00144614285714286,0.00144614285714286,0.0162607857142857,0.009013125,"Registration Domestic","Registered","Individual","Kathryn  W Russell","UNST",NA,"MENDOCINO COAST","Domestic","N","N",19990622,"PRIORITY_DATE",NA,"N","APPROPRIATIVE",6,NA,"N",0.00271013095238095,"N","D030902",2664915
"D030903",0.0375,0.0375,0,0,0,0,0,0,0,0,0,0,0.075,0,"Registration Domestic","Registered","Individual","DANIEL  IMHOFF","UNNAMED STREAM","UNNAMED STREAM","MENDOCINO COAST","Domestic","N","N",19990622,"PRIORITY_DATE",NA,"N","APPROPRIATIVE",1.5,NA,"N",0.05,"N","D030903",2664679
"D030905",0.000307,0.000307,0.000307,0.000307,0.000307,0.000614,0.000614,0.000614,0.0005526,0.00038375,0.000307,0.000307,0.00492735,0.0027016,"Registration Domestic","Registered","Individual","RONALD M COOK","UNST",NA,"MENDOCINO COAST","Domestic","N","N",19990622,"PRIORITY_DATE",NA,"N","APPROPRIATIVE",8.5,NA,"N",0.000579688235294118,"N","D030905",2664729
"D030906",0.13459025,0.132288625,0.13113775,0.001150875,0,0,0,0,0,0.00438414285714286,0.00657614285714286,0.0131524285714286,0.423280214285714,0,"Registration Domestic","Registered","Limited Liability Company","WEBB L HARPE TIMBER FARM LLC","UNST",NA,"MENDOCINO COAST","Domestic","N","N",19990622,"PRIORITY_DATE",NA,"N","APPROPRIATIVE",6.4,NA,"N",0.0661375334821428,"N","D030906",2664785
"D030907",0.5,0.25,0.5,0.125,0,0,0,0,0,0,0.142857142857143,0.714285714285714,2.23214285714286,0,"Registration Domestic","Registered","Corporation","ELIZABETH DUSENBERRY TRUST","UNST",NA,"MENDOCINO COAST","Domestic","N","N",19990622,"PRIORITY_DATE",NA,"N","APPROPRIATIVE",5,NA,"N",0.446428571428571,"N","D030907",2665209
"D030908",1.16875,0.3875,0.1625,0.0625,0,0,0,0,0,0,0.0757142857142857,0.321428571428571,2.17839285714286,0,"Registration Domestic","Registered","Individual","NORMAN J KOBLER","UNST",NA,"MENDOCINO COAST","Domestic","N","N",19990622,"PRIORITY_DATE",NA,"N","APPROPRIATIVE",3.5,NA,"N",0.622397959183673,"N","D030908",2664679
"D030909",0.6233678125,0,0,0.006137625,0.012659225,0.012659225,0.012659225,0.012659225,0.012659225,0,0,0.431397928571429,1.12419949107143,0.063296125,"Registration Domestic","Registered","Individual","DONALD E R SHANLEY","SURRENDER CREEK",NA,"MENDOCINO COAST","Domestic","N","N",19990622,"PRIORITY_DATE",NA,"N","APPROPRIATIVE",10,NA,"N",0.112419949107143,"N","D030909",2664607
"D030917",0.04994425,0.0485135,0.04857775,0.049173875,0.049257625,0.04797775,0.049418,0.048665125,0.048317625,0.0484968571428571,0.0480088571428571,0.0480948571428571,0.584446071428571,0.243636125,"Registration Domestic","Registered","Individual","ANDRES  FAVELA","UNST",NA,"MENDOCINO COAST","Domestic","N","N",19990701,"PRIORITY_DATE",NA,"N","APPROPRIATIVE",9.8,NA,"N",0.0596373542274052,"N","D030917",2664783
"D030918",0.00115,0.00115,0.00115,0.00115,0.00115,0.00115,0.00115,0.00115,0.00115,0.00131428571428571,0.00131428571428571,0.00131428571428571,0.0142928571428571,0.00575,"Registration Domestic","Registered","Individual","ANDRES  FAVELA","UNST",NA,"MENDOCINO COAST","Domestic","N","N",19990701,"PRIORITY_DATE",NA,"N","APPROPRIATIVE",8,NA,"N",0.00178660714285714,"N","D030918",2664799
"D030937",0,0,0,0,0,0,0,0,0,0,0,0,0,0,"Registration Domestic","Registered","Corporation","MENDOCINO REDWOOD COMPANY LLC","UNST",NA,"MENDOCINO COAST","Domestic","N","N",19990917,"PRIORITY_DATE",NA,"N","APPROPRIATIVE",9.2,NA,"N",0,"Y","D030937",2664867
"D030938",0.0375,0.0375,0.0375,0.1375,0.1875,0.1875,0.1875,0.1875,0.1875,0.142857142857143,0.0857142857142857,0.0857142857142857,1.50178571428571,0.9375,"Registration Domestic","Registered","Individual","NICOLA  MINER","UNST",NA,"MENDOCINO COAST","Domestic","N","N",19990917,"PRIORITY_DATE",NA,"N","APPROPRIATIVE",10,NA,"N",0.150178571428571,"N","D030938",2665213
"D030939",0,0.0103575,0.0103575,0.0103575,0,0,0.00173125,0.00172625,0,0,0,0.0034525,0.0379825,0.0034575,"Registration Domestic","Registered","Trust","James O Judd Jr Successor Trustee","UNSP",NA,"MENDOCINO COAST","Domestic","N","N",19990917,"PRIORITY_DATE",NA,"N","APPROPRIATIVE",10,NA,"N",0.00379825,"N","D030939",2666833
"D030940",0.015191,0.015191,0.015766375,0.01595825,0.01457725,0.01457725,0.01457725,0.01381,0.01381,0.0157828571428571,0.00157828571428571,0.0173611428571429,0.168180660714286,0.07135175,"Registration Domestic","Registered","Individual","JUDY  NELSON","UNSP",NA,"MENDOCINO COAST","Domestic","N","N",19990917,"PRIORITY_DATE",NA,"N","APPROPRIATIVE",7,NA,"N",0.0240258086734694,"N","D030940",2664675
"D030943",0.08175,0.08175,0.08175,0.082125,0.0385,0.00125,0.0025,0.0025,0.0025,0.03,0.0457142857142857,0.0657142857142857,0.516053571428571,0.04725,"Registration Domestic","Registered","Individual","PETER G HANELT","UNSP",NA,"MENDOCINO COAST","Domestic","N","N",19990917,"PRIORITY_DATE",NA,"N","APPROPRIATIVE",2.3,NA,"N",0.224371118012422,"N","D030943",2666163
"D030953",0,0,0,0,0,0,0,0,0,0,0,0,0,0,"Registration Domestic","Registered","Corporation","MENDOCINO LAKE CLUBHOUSE","UNST",NA,"MENDOCINO COAST","Domestic","N","N",19991014,"PRIORITY_DATE",NA,"N","APPROPRIATIVE",10,NA,"N",0,"Y","D030953",2664921
"D030957",0.0625,0.0625,0.0625,0.0625,0.0625,0.06326725,0.063650875,0.0515345,0.0515345,0.0231822857142857,0.0142857142857143,0.0214285714285714,0.601383696428571,0.292487125,"Registration Domestic","Registered","Individual","KYLE  RAND","UNST",NA,"MENDOCINO COAST","Domestic","N","N",19991014,"PRIORITY_DATE",NA,"N","APPROPRIATIVE",10,NA,"N",0.0601383696428571,"N","D030957",2665615
"D031000",0,0,0,0,0,0,0,0,0,0,0,0,0,0,"Registration Domestic","Registered","Individual","LESLEY ANNE MONTESI RENNA","UNSP",NA,"MENDOCINO COAST","Domestic","N","N",20000121,"PRIORITY_DATE",NA,"N","APPROPRIATIVE",7,NA,"N",0,"Y","D031000",2665615
"D031062",0,0,0,0,0,0,0,0,0,0,0,0,0,0,"Registration Domestic","Registered","Individual","JULIANA   ROMANI","UNST",NA,"MENDOCINO COAST","Domestic","N","N",20000612,"PRIORITY_DATE",NA,"N","APPROPRIATIVE",2,NA,"N",0,"Y","D031062",2664715
"D031172",0,0,0,0,0,0,0,0,0,0,0,0,0,0,"Registration Domestic","Registered","Limited Liability Company","LFB & A LLC","UNST",NA,"MENDOCINO COAST","Domestic","N","N",20010330,"PRIORITY_DATE",NA,"N","APPROPRIATIVE",6,NA,"N",0,"Y","D031172",2664343
"D031211",0.00978175,0.00978175,0.00978175,0.00978175,0.00978175,0.00978175,0.00978175,0.00978175,0.00978175,0.0438395714285714,0.0438395714285714,0.0438395714285714,0.219554464285714,0.04890875,"Registration Domestic","Registered","Individual","MARK W WEIR","UNST",NA,"MENDOCINO COAST","Domestic","N","N",20010608,"PRIORITY_DATE",NA,"N","APPROPRIATIVE",8,NA,"N",0.0274443080357143,"N","D031211",2664365
"D031301",0,0,0,0,0.03375,0.26125,0.2475,0.03375,0,0,0,0,0.57625,0.57625,"Registration Domestic","Registered","Corporation","YGGDRASIL LAND FOUNDATION INC","ANDERSON CREEK UNDERFOW",NA,"MENDOCINO COAST","Domestic","N","N",20010328,"APPLICATION_RECD_DATE",NA,"N","APPROPRIATIVE",6,NA,"N",0.0960416666666667,"N","D031301",2665059
"D031590",0,0,0,0,0,0,0,0,0,0,0,0.5,0.5,0,"Registration Domestic","Registered","Individual","ROLAND  WENTZEL","UNST",NA,"MENDOCINO COAST","Domestic","N","N",20050906,"PRIORITY_DATE",NA,"N","APPROPRIATIVE",1.2,NA,"N",0.416666666666667,"N","D031590",2665037
"D031685",0.2639245,0.321975125,0.2713385,0.172366625,0.180296875,0.1799525,0.126815875,0.077330125,0.079830125,0.0640082857142857,0.0929434285714286,0.169227428571429,2.00000939285714,0.6442255,"Registration Domestic","Registered","Individual","ELIOT  HOLTZMAN","UNNAMED STREAM","BEEBE CREEK","MENDOCINO COAST","Domestic","N","N",20071220,"PRIORITY_DATE",NA,"N","APPROPRIATIVE",7,NA,"N",0.28571562755102,"N","D031685",2666233
"D031690",1.35,0.0714282857142857,0.249999714285714,0.142857142857143,0,0,0,0,0,0.0833333333333333,0.175,0.541666666666667,2.61428514285714,0,"Registration Domestic","Registered","Individual","WILLIAM  C MEYER","UNNAMED STREAM","CON CREEK","MENDOCINO COAST","Domestic","N","N",20080108,"PRIORITY_DATE",NA,"N","APPROPRIATIVE",6,NA,"N",0.43571419047619,"N","D031690",2665031
"D031905",0,0,0,0,0.5,0.5,1,1.5,0.5,0,0,0,4,4,"Registration Domestic","Registered","Limited Liability Company","GROUNDSWELL LAND GUARDIANSHIP LLC","Unnamed Drainage","Rancheria Creek","MENDOCINO COAST","Domestic","N","N",20110830,"PRIORITY_DATE",NA,"N","APPROPRIATIVE",4,NA,"N",1,"N","D031905",2666075
"D032190",0,0,0,0,0,0,0,0,0,0,0,0,0,0,"Registration Domestic","Registered","Individual","MICHAEL  CROFT","UNNAMED STREAM","Mill Creek","MENDOCINO COAST","Domestic","N","N",20130905,"PRIORITY_DATE",NA,"N","APPROPRIATIVE",8,NA,"N",0,"Y","D032190",2664723
"D032230",0.571428571428571,0.571428571428571,0.571428571428571,0.285714285714286,0,0,0,0,0,0,0,0.233333333333333,2.23333333333333,0,"Registration Domestic","Registered","Individual","SCOTT  BRIDGES","UNNAMED STREAM","Rancheria Creek","MENDOCINO COAST","Domestic","N","N",20140106,"PRIORITY_DATE",NA,"N","APPROPRIATIVE",7.8,NA,"N",0.286324786324786,"N","D032230",2666413
"D032247",0.6625,0.0125,0.025,0,0,0,0,0,0,0.185714285714286,0.3,1.07142857142857,2.25714285714286,0,"Registration Domestic","Registered","Individual","HOLIDAY  PHELAN-JOHNSON","UNNAMED STREAM","Barton Gulch","MENDOCINO COAST","Domestic","N","N",20140311,"PRIORITY_DATE",NA,"N","APPROPRIATIVE",3,NA,"N",0.752380952380952,"N","D032247",2664501
"D032622",0,0,0,0,0,0,0,0,0,0,0,0,0,0,"Registration Domestic","Revoked","Corporation","EMERALD EARTH SANCTUARY","Unnamed Drainage","Private Well","MENDOCINO COAST","Domestic","N","N",20160314,"PRIORITY_DATE",NA,"N","APPROPRIATIVE",4.8,NA,"N",0,"Y","D032622",2664925
"D032706",0.016879,0.016879,0.016879,0.016879,0.0309448333333333,0,0,0,0,0,0.016879,0.016879,0.132218833333333,0.0309448333333333,"Registration Domestic","Registered","Individual","BIAS  BERKICH","FLYNN CREEK","North Fork Navarro River","MENDOCINO COAST","Domestic","N","N",20160804,"PRIORITY_DATE",NA,"N","APPROPRIATIVE",1.2,NA,"N",0.110182361111111,"N","D032706",2664481
"D032781",0.58,0,0,0,0,0,0,0,0,0,0,0,0.58,0,"Registration Domestic","Registered","Individual","MICHAEL  D  LUPARELLO","UNNAMED SEASONAL CREEK","North Fork Navarro River","MENDOCINO COAST","Domestic","N","N",20170328,"PRIORITY_DATE",NA,"N","APPROPRIATIVE",0.58,NA,"N",1,"N","D032781",2664541
"D032979",0.0193543333333333,0.0146736666666667,0.02719,0.049102,0.0275031666666667,0.015573,0,0,0,0,0.002762,0.0219424,0.178100566666667,0.0430761666666667,"Registration Domestic","Registered","Individual","JAN  WAX","Mill Creek","Navarro River","MENDOCINO COAST","Domestic","N","N",20181023,"PRIORITY_DATE",NA,"N","APPROPRIATIVE",2.77,NA,"N",0.0642962334536703,"N","D032979",2664737
"D033006",0.0786,0.0756,0.0318,0.0164,0,0,0,0,0,0,0.02025,0.0395,0.26215,0,"Registration Domestic","Registered","Trust","GARLINGTON FAMILY TRUST","Unnamed Stream","Anderson Creek","MENDOCINO COAST","Domestic","N","N",20190108,"PRIORITY_DATE",NA,"N","APPROPRIATIVE",0.64,NA,"N",0.409609375,"N","D033006",2664999
"D033091",0,0,0,0.004603,0.004603,0.004603,0.004603,0.004603,0.0039894,0,0,0,0.0270044,0.0224014,"Registration Domestic","Registered","Individual","DIANNA  CHARLES","Unnamed Spring","Navarro River","MENDOCINO COAST","Domestic","N","N",20191122,"PRIORITY_DATE",NA,"N","APPROPRIATIVE",3.7,NA,"N",0.00729848648648649,"N","D033091",2664973
"H032349",7.085,0.335,3.68875,0,0,0,0,0,0,0,0,1.95285714285714,13.0616071428571,0,"Registration Irrigation","Registered","Corporation","V SATTUI WINERY","ANDERSON CREEK","NAVARRO RIVER","MENDOCINO COAST","Irrigation","N","N",20150219,"APPLICATION_RECD_DATE",NA,"N","APPROPRIATIVE",20,NA,"N",0.653080357142857,"N","H032349",2665169
"H032565",2.8875,0.2875,0.575,0.1375,0.0625,0,0,0,0,0.314285714285714,0.428571428571429,1.9,6.59285714285714,0.0625,"Registration Irrigation","Registered","Corporation","Ardzrooni Vineyard Management, LLC","UNNAMED STREAM","Perry Gulch","MENDOCINO COAST","Irrigation","N","N",20160125,"PRIORITY_DATE",NA,"N","APPROPRIATIVE",12,NA,"N",0.549404761904762,"N","H032565",2664663
"H033104",0.9475,0.0475,0,0,0,0,0,0,0,0,0,3.58333333333333,4.57833333333333,0,"Registration Irrigation","Registered","Corporation","CASTELLO DI AMOROSA - DENNISON RANCH","Witherall Creek","Anderson Creek","MENDOCINO COAST","Irrigation","N","N",20200123,"PRIORITY_DATE",NA,"N","APPROPRIATIVE",20,NA,"N",0.228916666666667,"N","H033104",2665079
"H033269",0.019027,0.06371,0.084778,0.063649,0.0192805,0.0024165,0,0,0,0,0,0.0161115,0.2689725,0.021697,"Registration Irrigation","Registered","Individual","PAMELA  LAIRD","Mill Creek","Navarro River","MENDOCINO COAST","Irrigation","N","N",20211231,"PRIORITY_DATE",NA,"N","APPROPRIATIVE",0.6,NA,"N",0.4482875,"N","H033269",2664737
"H500623",0.0131524285714286,0.0131524285714286,0.0118371428571429,0,0,0,0,0,0,0,0,0,0.038142,0,"Registration Cannabis","Registered","Individual","MIGUEL  BERKSTROM","Johnson Creek","Johnson Creek","MENDOCINO COAST","Irrigation","N","N",20180320,"PRIORITY_DATE",NA,"N","APPROPRIATIVE",0.59,NA,"N",0.0646474576271187,"N","H500623",2664325
"H500746",0.00808129832,0.00808129832,0.00439869832,0,0,0,0,0,0,0,0.008822835,0.009590085,0.03897421496,0,"Registration Cannabis","Registered","Individual","AIHIBED  SEIDELL","Unnamed Stream","Unnamed Stream","MENDOCINO COAST","Irrigation","N","N",20180823,"PRIORITY_DATE",NA,"N","APPROPRIATIVE",0.33,NA,"N",0.11810368169697,"N","H500746",2664715
"H500865",0.0834006666666667,0.0506251666666667,0.0529498333333333,0.0117066666666667,0,0,0,0,0,0,0.0551172,0.083492,0.337291533333333,0,"Registration Cannabis","Revoked","Individual","TOBIAS  CLAINOS","Anderson Creek","Navarro River","MENDOCINO COAST","Irrigation","N","N",20180502,"PRIORITY_DATE",NA,"N","APPROPRIATIVE",0.74,NA,"N",0.455799369369369,"N","H500865",2665211
"H504776",0.0236701666666667,0.0281926666666667,0.0491056666666667,0.126672,0.0141001666666667,0.025347,0.0324745,0.0284115,0.0164843333333333,0,0,0,0.344458,0.1168175,"Registration Cannabis","Registered","Individual","STEPHANIE  TEBBUTT","Unnamed Spring","Anderson Creek","MENDOCINO COAST","Irrigation","N","N",20181204,"PRIORITY_DATE",NA,"N","APPROPRIATIVE",0.49,NA,"N",0.702975510204082,"N","H504776",2665059
"H505075",0,0,0,0,0,0,0,0,0,0,0,0,0,0,"Registration Cannabis","Registered","Individual","ANNE-CAROLE  FOUCTEAU-RECTOR","Unnamed Stream","John Smith Creek","MENDOCINO COAST","Irrigation","N","N",20190910,"PRIORITY_DATE",NA,"N","APPROPRIATIVE",0.1,NA,"N",0,"Y","H505075",2664343
"H506046",0.00170476666666667,0.00170476666666667,0.00170476666666667,0,0,0,0,0,0,0,0,0,0.0051143,0,"Registration Cannabis","Registered","Individual","NATHAN  DELMER","Unnamed Spring","Unnamed Stream","MENDOCINO COAST","Irrigation","N","N",20190517,"PRIORITY_DATE",NA,"N","APPROPRIATIVE",0.35,NA,"N",0.0146122857142857,"N","H506046",2665953
"L031663",0.6875,0,0,0,0,0,0,0,0,0,0.214285714285714,0.642857142857143,1.54464285714286,0,"Registration Livestock","Registered","Corporation","ANDERSON VINEYARDS INC","UNST","Navarro River","MENDOCINO COAST","Stockwatering","N","N",20070614,"PRIORITY_DATE",NA,"N","APPROPRIATIVE",9.5,NA,"N",0.162593984962406,"N","L031663",2664799
"S008637",0,0,0,0,0,0,0,0,0,0,0,0,0,0,"Statement of Div and Use","Claimed","Corporation","CALIF DEPT OF PARKS & RECREATION","UNST",NA,"MENDOCINO COAST","Recreational","Y","N",10000000,NA,NA,"Y",NA,0,1.4534,"N",0,"Y","S008637",2664653
"S008688",3.25,0.714285714285714,0,0,0,0,0,0,0,0,1.5,3.41666666666667,8.88095238095238,0,"Statement of Div and Use","Claimed","Individual","MARGARET  ORDWAY","LAZY CREEK",NA,"MENDOCINO COAST","Irrigation","N","N",10000000,NA,NA,"Y",NA,0,241.9496,"N",0.0367057948471598,"N","S008688",2664777
"S013216",0.017025625,0.018627,0.026721625,0.015151375,0.009705,0.00321275,0.000771,0.000600375,0.0003875,0.000284857142857143,0,0.00457142857142857,0.0970585357142857,0.014676625,"Statement of Div and Use","Claimed","Individual","PAMELA  LAIRD","MILL CREEK",NA,"MENDOCINO COAST","Domestic","N","N",10000000,NA,NA,"Y",NA,0,5.6007,"N",0.0173297151631556,"N","S013216",2665619
"S013747",0.35125,0.34125,0.4175,0.475,0.6125,2.325,0.7125,0.6375,0.625,0.357142857142857,0.271428571428571,0.414285714285714,7.54035714285714,4.9125,"Statement of Div and Use","Claimed","Individual","MARVIN  DUTRA","INDIAN CREEK",NA,"MENDOCINO COAST","Domestic","N","N",18600101,NA,"PRE_1914","N",NA,0,11.2282,"N",0.671555293177637,"N","S013747",2664921
"S013771",0,0,0,0.08,1.6625,5.50625,6.25375,5.32875,3.535,0.83,0,0,23.19625,22.28625,"Statement of Div and Use","Claimed","Corporation","BATES & SCHMITT, GENERAL PARTNERS","NAVARRO RIVER",NA,"MENDOCINO COAST","Irrigation","N","N",19100101,NA,"PRE_1914","N",NA,0,30.4248,"N",0.762412571323394,"N","S013771",2664849
"S013939",0.09,0.09,0.09,0.09,1.57,1.57,1.57,1.57,1.57,0.09,0.09,0.09,8.48,7.85,"Statement of Div and Use","Claimed","Limited Liability Company","NAVARRO RANCH LLC","UNST",NA,"MENDOCINO COAST","Irrigation","N","N",18800101,NA,"PRE_1914","N",NA,0,8.4941,"N",0.998340024252128,"N","S013939",2664843
"S013940",0.146,0.146,0.146,0.146,1.629,1.629,1.629,1.629,1.629,0.146,0.146,0.146,9.167,8.145,"Statement of Div and Use","Claimed","Limited Liability Company","NAVARRO RANCH LLC","UNST",NA,"MENDOCINO COAST","Irrigation","N","N",18800101,NA,"PRE_1914","N",NA,0,9.1679,"N",0.999901831389959,"N","S013940",2664779
"S014234",0.056664625,0.05224975,0.065843,0.109100375,0.142058625,0.135202375,0.147779625,0.166740125,0.124805875,0.0763372857142857,0.04983,0.042514,1.16912566071429,0.716586625,"Statement of Div and Use","Claimed","Individual","GERALD   JOHNS","UNSP",NA,"MENDOCINO COAST","Domestic","N","N",10000000,NA,NA,"Y",NA,0,15.9368,"N",0.0733601262935022,"N","S014234",2664973
"S014395",0,0,0,0,0,0,0,0,0,0,0,0,0,0,"Statement of Div and Use","Claimed","Individual","JANICE  PRONSOLINO-BROWN","RANCHERIA CREEK",NA,"MENDOCINO COAST","Irrigation","N","N",10000000,NA,NA,"Y",NA,0,0,"N",NA,"Y","S014395",2666229
"S014949",0.003836125,1.128836125,0.003836125,0.008987625,0.009754875,0.012302,0.026250125,0.026250125,0.026250125,0.0168477142857143,0.008172,0.00438414285714286,1.27570710714286,0.10080725,"Statement of Div and Use","Claimed","Individual","ANGELO  PRONSOLINO","UNSP",NA,"MENDOCINO COAST","Irrigation","N","N",10000000,NA,NA,"Y",NA,0,8.065,"N",0.158178190594279,"N","S014949",2665627
"S014958",0.000494,0.000549,0.000494,0.000513,0.000494,0.000513,0.000494,0.000494,0.000513,0.000494,0.000513,0.000494,0.006059,0.002508,"Statement of Div and Use","Claimed","Individual","JEAN  LEAL","UNST","Robinson Creek","MENDOCINO COAST","Domestic","N","N",10000000,NA,NA,"Y",NA,0,4.0325,"N",0.00150254184748915,"N","S014958",2665145
"S014959",0,0,0,0,0,0,0,0,0,0,0,0,0,0,"Statement of Div and Use","Claimed","Individual","JEAN  LEAL","ROBINSON CREEK","Anderson Creek","MENDOCINO COAST","Domestic","N","N",10000000,NA,NA,"Y",NA,0,4.0325,"N",0,"Y","S014959",2665145
"S015014",0.324672218283817,0.481843054570954,0.339008610914191,0.013125,0,0,0.125,0.125,0.125,0.004,0.00528571428571429,0.0191428571428571,1.56207745519753,0.375,"Statement of Div and Use","Claimed","Corporation","HALLOMAS INC","UNNAMED STREAM","MEYER GULCH","MENDOCINO COAST","Domestic","N","N",10000000,NA,NA,"Y",NA,0,0.0046,"N",339.582055477725,"N","S015014",2664715
"S015096",0.8980477273355,0.00191805457095421,0.00695831837250768,0.00403213431905994,0,0,0,0,0,0.0714285714285714,0.00496019872360593,0.119815608097829,1.10716061284803,0,"Statement of Div and Use","Claimed","Individual","WILLIAM C MEYER","UNST",NA,"MENDOCINO COAST","Irrigation","N","N",10000000,NA,NA,"Y",NA,0,5.55,"N",0.199488398711356,"N","S015096",2665031
"S015098",0,0,0,0,0.5,1,1,1,0.5,0,0,0,4,4,"Statement of Div and Use","Claimed","Individual","JASON  PATTEN","RANCHERIA CREEK",NA,"MENDOCINO COAST","Irrigation","N","N",10000000,NA,NA,"Y",NA,0,40.2042,"N",0.0994920928659195,"N","S015098",2666075
"S015103",0,0,0,0,0,0,0,0,0,0,0,0,0,0,"Statement of Div and Use","Claimed","Limited Liability Company","JACKSON FAMILY INVESTMENTS III, LLC","NAVARRO RIVER",NA,"MENDOCINO COAST","Irrigation","N","N",10000000,NA,NA,"Y",NA,0,119.526,"N",0,"Y","S015103",2665623
"S015116",0,0,0,0,0,0,0,0,0,0,0,0,0,0,"Statement of Div and Use","Claimed","Individual","JAN  WASSON-SMITH","CON CREEK","ANDERSON CREEK","MENDOCINO COAST","Irrigation","N","N",10000000,NA,NA,"Y",NA,0,120.9748,"N",0,"Y","S015116",2665057
"S015132",0.00118925,0.001074125,0.003683,0.003644625,0.00843975,0.008247875,0.005946,0.005946,0.005754125,0.00135914285714286,0.00131528571428571,0.00135914285714286,0.0479583214285714,0.03433375,"Statement of Div and Use","Claimed","Individual","William C Seekins","UNST",NA,"MENDOCINO COAST","Domestic","N","N",10000000,NA,NA,"Y",NA,0,242.674,"N",0.000197624473279261,"N","S015132",2664679
"S015183",0,0,0,0,0.0125,0.5875,1.475,1.6625,2.6875,0.442857142857143,0.214285714285714,0.0571428571428571,7.13928571428572,6.425,"Statement of Div and Use","Claimed","Individual","ROLAND  WENTZEL","RANCHERIA CREEK",NA,"MENDOCINO COAST","Irrigation","N","N",10000000,NA,NA,"Y",NA,0,39.842,"N",0.179189943132516,"N","S015183",2665037
"S015212",0,0,0,0,0,0,0,0,0,0,0,0,0,0,"Statement of Div and Use","Claimed","Individual","MARGARET  ORDWAY","UNST",NA,"MENDOCINO COAST","Irrigation","N","N",10000000,NA,NA,"Y",NA,0,362.2,"N",0,"Y","S015212",2664779
"S015213",0,0,0,0,0,0,0,0,0,0,0,0,0,0,"Statement of Div and Use","Claimed","Individual","MARGARET  ORDWAY","UNST",NA,"MENDOCINO COAST","Irrigation","N","N",10000000,NA,NA,"Y",NA,0,7.244,"N",0,"Y","S015213",2664771
"S015235",0.2925,0.41875,0.395,0.66875,0.75375,0.345,0.13125,0.03,0.04,0,0,0.0457142857142857,3.12071428571429,1.3,"Statement of Div and Use","Claimed","Corporation","WILLIAM CHARLES TRUST","ANDERSON CREEK",NA,"MENDOCINO COAST","Irrigation","N","N",10000000,NA,NA,"Y",NA,0,239.052,"N",0.0130545416299144,"N","S015235",2665169
"S015268",0,0,0,0,0,0,0,0,0,0,0,0,0,0,"Statement of Div and Use","Claimed","Individual","MARGARET  ORDWAY","LAZY CREEK",NA,"MENDOCINO COAST","Irrigation","N","N",10000000,NA,NA,"Y",NA,0,4817.26,"N",0,"Y","S015268",2664777
"S015289",0,0,0,0,0,0,0,0,0,0,0,0,0,0,"Statement of Div and Use","Claimed","Limited Partner","Cakebread Properties #14, LP","ANDERSON CREEK","Navarro River","MENDOCINO COAST","Irrigation","N","N",10000000,NA,NA,"Y",NA,0,362.2,"N",0,"Y","S015289",2665059
"S015290",0,0,0,0,0,0,0,0,0,0,0,0,0,0,"Statement of Div and Use","Claimed","Limited Partner","Cakebread Properties #14, LP","ANDERSON CREEK",NA,"MENDOCINO COAST","Irrigation","N","N",10000000,NA,NA,"Y",NA,0,1629.9,"N",0,"Y","S015290",2665021
"S015291",0,0,0,0,0,0,0,0,0,0,0,0,0,0,"Statement of Div and Use","Claimed","Limited Partner","Cakebread Properties #14, LP","ANDERSON CREEK",NA,"MENDOCINO COAST","Irrigation","N","N",10000000,NA,NA,"Y",NA,0,434.64,"N",0,"Y","S015291",2665023
"S015306",0,0,0.5525,0.3625,0,0,0,0,0,0,0,0,0.915,0,"Statement of Div and Use","Claimed","Corporation","ANDERSON VINEYARDS INC","UNST",NA,"MENDOCINO COAST","Irrigation","N","N",10000000,NA,NA,"Y",NA,0,90.55,"N",0.0101049144119271,"N","S015306",2665145
"S015433",0,0,0,0.1925,2.11375,4.03625,4.985,3.64,0.4,0,0,0,15.3675,15.175,"Statement of Div and Use","Claimed","Corporation","YGGDRASIL LAND FOUNDATION INC","ANDERSON CREEK","NAVARRO RIVER","MENDOCINO COAST","Irrigation","N","N",10000000,NA,NA,"Y",NA,0,25.354,"N",0.606117377928532,"N","S015433",2665059
"S015434",0,0,0,0.2275,1.56875,3.10375,3.3175,1.605,0,0,0,0,9.8225,9.595,"Statement of Div and Use","Claimed","Corporation","YGGDRASIL LAND FOUNDATION INC","ANDERSON CREEK",NA,"MENDOCINO COAST","Irrigation","N","N",10000000,NA,NA,"Y",NA,0,25.354,"N",0.387414214719571,"N","S015434",2665059
"S015647",3.05,0.975,1.63,0,1.4,1.9375,0.1,0,2.3875,0.185714285714286,0.0428571428571429,3.21428571428571,14.9228571428571,5.825,"Statement of Div and Use","Claimed","Limited Liability Company","EAGLE CREEK PACIFIC, LLC","ANDERSON CREEK",NA,"MENDOCINO COAST",NA,NA,NA,10000000,NA,NA,"Y",NA,0,56,"N",0.266479591836735,"N","S015647",2665169
"S015648",0,0,0,0.45,1.0625,0,0,0,0,0,0.0142857142857143,0,1.52678571428571,1.0625,"Statement of Div and Use","Claimed","Limited Liability Company","EAGLE CREEK PACIFIC, LLC",NA,NA,"MENDOCINO COAST","Frost Protection","N","N",10000000,NA,NA,"Y",NA,0,55,"N",0.0277597402597403,"N","S015648",2665169
"S016035",0,0,0,0,0,0,0,0,0,0,0,0,0,0,"Statement of Div and Use","Claimed","Limited Liability Company","VIRIDIAN ANDERSON VALLEY LLC","NAVARRO RIVER",NA,"MENDOCINO COAST","Irrigation","N","N",10000000,NA,NA,"Y",NA,0,44.5506,"N",0,"Y","S016035",2664799
"S016036",0.43731675,0.448825125,0.448825125,0.283872,0.29538,0.29538,0.210985625,0.128509375,0.128509375,0.114864142857143,0.177118571428571,0.329686571428571,3.29927266071429,1.058764375,"Statement of Div and Use","Claimed","Individual","ELIOT  HOLTZMAN","UNSP",NA,"MENDOCINO COAST","Irrigation","N","N",10000000,NA,NA,"Y",NA,0,8.6928,"N",0.379540845379427,"N","S016036",2666233
"S016323",0,0,0,1.325,0,0,0,0,0,0,0,0,1.325,0,"Statement of Div and Use","Claimed","Corporation","DUCKHORN WINE COMPANY","NAVARRO RIVER","PACIFIC OCEAN","MENDOCINO COAST","Irrigation","N","N",10000000,NA,NA,"Y",NA,0,7.7949,"N",0.169982937561739,"N","S016323",2664981
"S016361",0,0,0,0,0,0,0,0,0,0,0,0,0,0,"Statement of Div and Use","Claimed","Corporation","V SATTUI WINERY","ANDERSON CREEK","NAVARRO RIVER","MENDOCINO COAST","Frost Protection","N","N",10000000,NA,NA,"Y",NA,0,15.6,"N",0,"Y","S016361",2665169
"S016614",0,0,0.185714285714286,0,0,0,0,0,0,0,0,0,0.185714285714286,0,"Statement of Div and Use","Claimed","Corporation","Husch Vineyards, Inc.","NAVARRO RIVER","PACIFIC OCEAN","MENDOCINO COAST","Irrigation","N","N",10000000,NA,NA,"Y",NA,0,242.674,"N",0.000765282995765042,"N","S016614",2664789
"S016617",0,0,0,0,0,0,0,0,0,0,0,0,0,0,"Statement of Div and Use","Claimed","Corporation","WINSIDE USA INC DBA THE DONUM ESTATE","NAVARRO RIVER",NA,"MENDOCINO COAST","Irrigation","N","N",10000000,NA,NA,"Y",NA,0,5.49,"N",0,"Y","S016617",2664901
"S016624",0.057625,0.057625,0.057625,0.066,0.0815,0.0965,0.0965,0.057375,0.057375,0.0612857142857143,0.0482857142857143,0.0504285714285714,0.788125,0.38925,"Statement of Div and Use","Claimed","Corporation","Eric Labowitz & Kathy Bailey Inter Vivos Family Trust","MILL CREEK","NAVARRO RIVER","MENDOCINO COAST","Domestic","N","N",10000000,NA,NA,"Y",NA,0,7.9684,"N",0.0989063049043723,"N","S016624",2665617
"S016650",0,0,0,0,0.00575,0.01725,0.015,0,0,0,0,0,0.038,0.038,"Statement of Div and Use","Claimed","Corporation","MENDOCINO REDWOOD COMPANY LLC","RAY GULCH","NAVARRO RIVER","MENDOCINO COAST","Dust Control","N","N",10000000,NA,NA,"Y",NA,0,282.516,"N",0.00013450565631681,"N","S016650",2664521
"S016709",4.475,0.375,0.4275,0,0,0,0,0,0,0,0,1.21142857142857,6.48892857142857,0,"Statement of Div and Use","Claimed","Corporation","Redwood Grove Vineyards","UNNAMED STREAM","Navarro River","MENDOCINO COAST","Irrigation","N","N",10000000,NA,NA,"Y",NA,0,724.4,"N",0.00895765954090084,"N","S016709",2664911
"S016815",0.55,0.1875,0.125,0.075,0.05,0,0.025,0,0.1,0.514285714285714,0.428571428571429,0.271428571428571,2.32678571428571,0.175,"Statement of Div and Use","Claimed","Individual","ROBERT  BATTINICH","UNNAMED STREAM","Mill Creek","MENDOCINO COAST","Domestic","N","N",10000000,NA,NA,"Y",NA,0,4,"N",0.581696428571429,"N","S016815",2664723
"S017002",0,0,0.0088384,0.1392048,0.1966528,0.198864,0.033044,0,0,0,0,0,0.576604,0.4285608,"Statement of Div and Use","Claimed","Limited Liability Company","SIGNAL RIDGE VINEYARDS","ANDERSON CREEK","Navarro River","MENDOCINO COAST","Irrigation","N","N",10000000,NA,NA,"Y",NA,0,65.196,"N",0.00884416221854101,"N","S017002",2665023
"S018168",0,0,0,0.0891405,0.523281,0.523281,0.4341405,0.4341405,0.4341405,0.397589142857143,0,0,2.83571314285714,2.3489835,"Statement of Div and Use","Claimed","Corporation","ASHIKU FAMILY ASSOCIATES I","NAVARRO RIVER","Navarro River","MENDOCINO COAST","Domestic","N","N",10000000,NA,NA,"Y",NA,0,16.299,"N",0.173980805132655,"N","S018168",2664981
"S019184",11,3.1,2.275,0.175,0,0,0,0,0.0375,0.0714285714285714,0.485714285714286,7.32857142857143,24.4732142857143,0.0375,"Statement of Div and Use","Claimed","Individual","KURT J SCHOENEMAN","UNNAMED STREAM","Donnelly Creek","MENDOCINO COAST","Irrigation","N","N",10000000,NA,NA,"Y",NA,0,32.2358,"N",0.759193638306302,"N","S019184",2665153
"S019187",4.15,2.0125,1.375,0,0,0,0,0,0,0.114285714285714,0.185714285714286,0.628571428571429,8.46607142857143,0,"Statement of Div and Use","Claimed","Individual","KURT J SCHOENEMAN","DONNELLY CREEK","Anderson Creek","MENDOCINO COAST","Irrigation","N","N",10000000,NA,NA,"Y",NA,0,54.33,"N",0.155826825484473,"N","S019187",2665139
"S019471",0,0,0,0,0,0,0,0,0,0,0,0,0,0,"Statement of Div and Use","Claimed","Corporation","WINSIDE USA INC DBA THE DONUM ESTATE","NAVARROW RIVER",NA,"MENDOCINO COAST","Irrigation","N","N",10000000,NA,NA,"Y",NA,0,20,"N",0,"Y","S019471",2664901
"S019745",0.8125,0.0625,0,0,0,0,0,0,0,0,0.0714285714285714,0.442857142857143,1.38928571428571,0,"Statement of Div and Use","Claimed","Individual","MARGARET  ORDWAY",NA,NA,"MENDOCINO COAST","Irrigation","N","N",10000000,NA,NA,"Y",NA,0,4.5,"N",0.308730158730159,"N","S019745",2664779
"S019747",1.9375,0.3125,0,0,0,0,0,0,0,0,0.428571428571429,1.14285714285714,3.82142857142857,0,"Statement of Div and Use","Claimed","Individual","MARGARET  ORDWAY",NA,NA,"MENDOCINO COAST","Irrigation","N","N",10000000,NA,NA,"Y",NA,0,7.5,"N",0.509523809523809,"N","S019747",2664779
"S019754",2,0.34375,0,0,0,0,0,0,0,0,1.14285714285714,1.64285714285714,5.12946428571429,0,"Statement of Div and Use","Claimed","Individual","MARGARET  ORDWAY",NA,NA,"MENDOCINO COAST","Irrigation","N","N",10000000,NA,NA,"Y",NA,0,5,"N",1.02589285714286,"N","S019754",2664771
"S019757",0.20625,0.025,0,0,0,0,0,0,0,0,0.0357142857142857,0.25,0.516964285714286,0,"Statement of Div and Use","Claimed","Individual","MARGARET  ORDWAY",NA,NA,"MENDOCINO COAST","Irrigation","N","N",10000000,NA,NA,"Y",NA,0,2,"N",0.258482142857143,"N","S019757",2664771
"S019775",1.25,0.25,0,0,0,0,0,0,0,0,0.285714285714286,0.642857142857143,2.42857142857143,0,"Statement of Div and Use","Claimed","Individual","MARGARET  ORDWAY",NA,NA,"MENDOCINO COAST","Irrigation","N","N",10000000,NA,NA,"Y",NA,0,9,"N",0.26984126984127,"N","S019775",2664779
"S019935",1.9875,0,0,0.55,0,0.0375,0,0,0,0.128571428571429,0.842857142857143,1.9,5.44642857142857,0.0375,"Statement of Div and Use","Claimed","Limited Liability Company","KB WINES LLC",NA,NA,"MENDOCINO COAST","Irrigation","N","N",10000000,NA,NA,"Y",NA,0,17,"N",0.320378151260504,"N","S019935",2665145
"S019941",0.885,0,0,0.0625,0,0,0,0,0,0.171428571428571,0.372857142857143,0.854285714285714,2.34607142857143,0,"Statement of Div and Use","Claimed","Limited Liability Company","KB WINES LLC",NA,NA,"MENDOCINO COAST","Irrigation","N","N",10000000,NA,NA,"Y",NA,0,9,"N",0.260674603174603,"N","S019941",2665111
"S020000",1.95,0.1875,0,0,0,0,0,0,0,0,0,0.727142857142857,2.86464285714286,0,"Statement of Div and Use","Claimed","Partnership or Co-owners","Redwood Grove Vineyards","NAVARRO RIVER",NA,"MENDOCINO COAST","Other","N","N",10000000,NA,NA,"Y",NA,0,0.5,"N",5.72928571428571,"N","S020000",2664961
"S020001",8.6371875,0.535625,2.733875,0,0,0,0,0,0,0,0,2.30721428571429,14.2139017857143,0,"Statement of Div and Use","Claimed","Partnership or Co-owners","Redwood Grove Vineyards / Scharffendberger Cellars","UNNAMED STREAM","Indian Creek","MENDOCINO COAST","Irrigation","N","N",10000000,NA,NA,"Y",NA,0,724.4,"N",0.0196216203557624,"N","S020001",2664961
"S020443",2.18571428571429,0.114285714285714,0.0714285714285714,0,0,0,0,0,0,0.266666666666667,0.75,2.48333333333333,5.87142857142857,0,"Statement of Div and Use","Claimed","Limited Liability Company","YORKVILLE CELLARS LLC",NA,NA,"MENDOCINO COAST","Irrigation","N","N",10000000,NA,NA,"Y",NA,0,NA,"N",NA,"N","S020443",2666233
"S020464",0,0,0,0,0,0,0,0,0,0,0,0,0,0,"Statement of Div and Use","Claimed","Limited Liability Company","RHYS VINEYARDS LLC",NA,NA,"MENDOCINO COAST","Irrigation","N","N",10000000,NA,NA,"Y",NA,0,14,"N",0,"Y","S020464",2664691
"S021345",0.76625,0.76625,0.7725,0.84625,0.86625,0.86625,0.86625,0.86625,0.86625,0.847142857142857,0.831428571428571,0.768571428571429,9.92964285714286,4.33125,"Statement of Div and Use","Claimed","Individual","JAMES C GOWAN","NAVARRO RIVER","Pacific Ocean","MENDOCINO COAST","Irrigation","N","N",19720101,NA,"PRE_1914","N",NA,0,193.777,"N",0.0512426286769991,"N","S021345",2664873
"S021346",0,0,1.25,2.875,3.75,4.125,4,3.625,2.625,1.42857142857143,0.285714285714286,0,23.9642857142857,18.125,"Statement of Div and Use","Claimed","Individual","JAMES C GOWAN","NAVARRO RIVER","Pacific Ocean","MENDOCINO COAST","Irrigation","N","N",19000101,NA,"PRE_1914","N",NA,0,1372.0136,"N",0.0174665074123797,"N","S021346",2664873
"S021347",0.28125,0.28125,0.29375,0.5125,1.1475,1.9375,7.9125,8.20375,4.2625,3.60714285714286,3.30714285714286,0.278571428571429,32.0253571428571,23.46375,"Statement of Div and Use","Claimed","Individual","JAMES C GOWAN","NAVARRO RIVER","Pacific Ocean","MENDOCINO COAST","Irrigation","N","N",19000101,NA,"PRE_1914","N",NA,0,201.7454,"N",0.158741449088094,"N","S021347",2664873
"S021348",0,0,0.625,0.625,2.2625,1.8375,1.4375,1.46875,0.875,0.714285714285714,0.714285714285714,0,10.5598214285714,7.88125,"Statement of Div and Use","Claimed","Individual","JAMES C GOWAN","NAVARRO RIVER","Pacific Ocean","MENDOCINO COAST","Irrigation","N","N",19000101,NA,"PRE_1914","N",NA,0,968.5228,"N",0.0109030179037307,"N","S021348",2664873
"S021349",0,0,0,0,0.00375,0.00825,0.00825,0.00825,0.00825,0.00942857142857143,0.00942857142857143,0,0.0556071428571429,0.03675,"Statement of Div and Use","Claimed","Individual","JAMES C GOWAN","NAVARRO RIVER","Pacific Ocean","MENDOCINO COAST","Irrigation","N","N",19000101,NA,"PRE_1914","N",NA,0,16.299,"N",0.00341169046304331,"N","S021349",2664843
"S021350",0,0,0.74375,0.68125,0.70625,0.8125,0.70625,0.68125,0.68125,0.764285714285714,0.178571428571429,0,5.95535714285714,3.5875,"Statement of Div and Use","Claimed","Individual","JAMES C GOWAN","NAVARRO RIVER","Pacific Ocean","MENDOCINO COAST","Irrigation","N","N",19000101,NA,"PRE_1914","N",NA,0,443.695,"N",0.0134221867338085,"N","S021350",2664843
"S021351",0,0,7.875,15.375,13,9.25,8.125,8.1875,5.5,4.57142857142857,3,0,74.8839285714286,44.0625,"Statement of Div and Use","Claimed","Individual","JAMES C GOWAN","NAVARRO RIVER","Pacific Ocean","MENDOCINO COAST","Irrigation","N","N",19000101,NA,"PRE_1914","N",NA,0,2041.7214,"N",0.0366768593263648,"N","S021351",2664873
"S022190",0,0,0,0,0,0,0,0,0,0,0,0,0,0,"Statement of Div and Use","Claimed","Individual","MARGARET  BISHOP","NATURAL SPRING",NA,"MENDOCINO COAST","Recreational","Y","N",18690101,NA,"PRE_1914","N",NA,0,0,"N",NA,"Y","S022190",2666161
"S022286",0,0,0,0,0,0,0,0,0,0,0,0,0,0,"Statement of Div and Use","Claimed","Corporation","RANCHO NAVARRO ASSOCIATION INC","NEEFUS GULCH","Navarro River","MENDOCINO COAST","Heat Control","N","N",10000000,NA,NA,"Y",NA,0,2.5354,"N",0,"Y","S022286",2664541
"S022328",0,0,0,0,0,0,0,0,0,0,0,0,0,0,"Statement of Div and Use","Claimed","Trust","CHARLES P IRWIN & NANCY IRWIN TRUSTEES OF IRWIN LIVING TRUST","HONEY CREEK","Bear Wallow Creek","MENDOCINO COAST","Recreational","Y","N",10000000,NA,NA,"Y",NA,0,0,"N",NA,"Y","S022328",2665207
"S022333",0,0,0.0126875,0.064,0.049875,0.0125,0,0,0,0,0,0,0.1390625,0.062375,"Statement of Div and Use","Claimed","Individual","Ernest J.  Kiser","PERRY GULCH","Navarro River","MENDOCINO COAST","Frost Protection","N","N",10000000,NA,NA,"Y",NA,0,43.464,"N",0.0031994869317136,"N","S022333",2664663
"S022337",0,0,0,0,0,0,0,0,0,0,0,0,0,0,"Statement of Div and Use","Claimed","Limited Liability Company","Ardzrooni Vineyard Management, LLC","UNNAMED STREAM","Perry Gulch","MENDOCINO COAST","Irrigation","N","N",10000000,NA,NA,"Y",NA,0,NA,"N",NA,"Y","S022337",2664663
"S022340",0,0,0,0,0,0,0,0,0,0,0,0,0,0,"Statement of Div and Use","Claimed","Individual","Thomas  Bickell","UNNAMED","Rancheria Creek","MENDOCINO COAST","Fire Protection","N","N",10000000,NA,NA,"Y",NA,0,20.2832,"N",0,"Y","S022340",2666415
"S022341",0,0,0,0,0,0,0,0,0,0,0,0,0,0,"Statement of Div and Use","Claimed","Individual","Thomas  Bickell","UNNAMED","Rancheria Creek","MENDOCINO COAST","Fire Protection","N","N",10000000,NA,NA,"Y",NA,0,40.2042,"N",0,"Y","S022341",2666421
"S022342",0,0,0,0,0,0,0,0,0,0,0,0,0,0,"Statement of Div and Use","Claimed","Individual","Thomas  Bickell","UNNAMED","Rancheria Creek","MENDOCINO COAST","Fire Protection","N","N",10000000,NA,NA,"Y",NA,0,80.4084,"N",0,"Y","S022342",2666421
"S022401",0,0,0,0,0,0,0,0,0,0,0,0,0,0,"Statement of Div and Use","Claimed","Individual","Robert  D. Lawson","UNNAMED","Rancheria Creek","MENDOCINO COAST","Other","N","N",10000000,NA,NA,"Y",NA,0,4.143,"N",0,"Y","S022401",2666391
"S022430",0,0,0,0,0,0,0,0,0,0,0,0,0,0,"Statement of Div and Use","Claimed","Corporation","WINSIDE USA INC DBA THE DONUM ESTATE","NAVARROW RIVER",NA,"MENDOCINO COAST","Irrigation","N","N",10000000,NA,NA,"Y",NA,0,20,"N",0,"Y","S022430",2664901
"S022983",1.5,1.5,1.5,0.75,0,0,0,0,0,0,0,0.5,5.75,0,"Statement of Div and Use","Claimed","Individual","SCOTT  BRIDGES","UNNAMED TRIBUTARY","Rancheria Creek","MENDOCINO COAST","Recreational","Y","N",10000000,NA,NA,"Y",NA,0,14,"N",0.410714285714286,"N","S022983",2666413
"S023726",0.065625,0.0825,0.041875,0.005625,0.0375,0,0,0,0,0.0285714285714286,0.00414285714285714,0.0468571428571429,0.312696428571429,0.0375,"Statement of Div and Use","Claimed","Individual","JODY  WILLIAMS","SEASONAL UNNAMED CREEK","Little Mill Creek","MENDOCINO COAST",NA,NA,NA,10000000,NA,NA,"Y",NA,0,0.1228,"N",2.54638785481619,"N","S023726",2664675
"S023908",0,0,0,0,0,0,0,0,0,0,0,0,0,0,"Statement of Div and Use","Claimed","Limited Liability Company","MENDOCINO REDWOOD COMPANY LLC","NORTH FORK NAVARRO RIVER","Navarro River","MENDOCINO COAST","Dust Control","N","N",10000000,NA,NA,"Y",NA,0,0.7979,"N",0,"Y","S023908",2664587
"S023911",0,0,0,0,0,0.0236153295524642,0.0857979943286963,0.0754926576871024,0.0612523281346382,0.0163131396163979,0,0,0.262471449319299,0.246158309702901,"Statement of Div and Use","Claimed","Limited Liability Company","MENDOCINO REDWOOD COMPANY LLC","NAVARRO RIVER","Pacific Ocean","MENDOCINO COAST","Dust Control","N","N",10000000,NA,NA,"Y",NA,0,2.5778,"N",0.101819943098494,"N","S023911",2664573
"S023925",0,0,0,0,0,0,0,0,0,0,0,0,0,0,"Statement of Div and Use","Claimed","Corporation","Hall Anderson Creek Vineyards","ANDERSON CREEK","Navarro River","MENDOCINO COAST","Irrigation","N","N",10000000,NA,NA,"Y",NA,0,0,"N",NA,"Y","S023925",2665169
"S024388",0,0,0,0,0,0,0,0,0,0,0.142857142857143,0,0.142857142857143,0,"Statement of Div and Use","Claimed","Individual","Holiday  Rose Phelan Johnson","UNNAMED STREAM TRIBUTARY","Barton Gulch","MENDOCINO COAST","Domestic","N","N",10000000,NA,NA,"Y",NA,0,0,"N",NA,"N","S024388",2664501
"S025414",0,0,0,0.0775,0.2,0.225,0.1375,0.1375,0.1375,0.103333333333333,0,0,1.01833333333333,0.8375,"Statement of Div and Use","Claimed","Individual","STEVEN CHRISTOPHER ROSSI","ANDERSON CREEK","NAVARRO RIVER","MENDOCINO COAST","Irrigation","N","N",10000000,NA,NA,"Y",NA,0,NA,"N",NA,"N","S025414",2665209
"S025518",0.00046,0.00046,0.00046,0.00046,0.00046,0,0,0,0,0,0.00046,0.00046,0.00322,0.00046,"Statement of Div and Use","Claimed","Individual","BIAS  BERKICH","FLYNN CREEK","NORTH FORK NAVARRO RIVER","MENDOCINO COAST","Domestic","N","N",10000000,NA,NA,"Y",NA,0,1.1762,"N",0.00273762965482061,"N","S025518",2664473
"S026751",0.03,0.03,0.015,0,0,0,0,0,0,0,0.03,0,0.105,0,"Statement of Div and Use","Claimed","Individual","TOBIAS  CLAINOS","SODA CREEK FARMS WELL",NA,"MENDOCINO COAST","Irrigation","N","N",10000000,NA,NA,"Y",NA,0,0.8286,"N",0.126719768283852,"N","S026751",2665211
"S027337",0.05700459,0.05700459,0.05700459,0,0,0,0,0,0,0.11400918,0.11400918,0.11400918,0.51304131,0,"Statement of Div and Use","Claimed","Individual","RYAN  RUSSELL","UNNAMED STREAM","Lazy Creek","MENDOCINO COAST","Other","N","N",19000101,NA,"PRE_1914","Y",NA,0,0.027,"N",19.00153,"N","S027337",2664777
"S027621",0,0,0,0,0,0,0,0,0,0,0,0,0,0,"Statement of Div and Use","Claimed","Limited Liability Company","ANDERSON VALLEY PROPERTIES LLC","UNNAMED TRIBUTARY","Anderson Creek (Navarro River)","MENDOCINO COAST","Irrigation","N","N",19940101,NA,"PRE_1914","N",NA,0,0.537,"N",0,"Y","S027621",2665023
"S027721",0.014886936361251,0.0127207538361091,0.0226146549696027,0.0409391317860771,0.0276304589122022,0.0159151854981264,0.00500001534443657,0.00250001150832743,0.00125000767221828,0.00285715162539232,0.00185714417238028,0.0178408340889372,0.166012285775061,0.0522956789353109,"Statement of Div and Use","Claimed","Individual","CHRIS  BING","Mill Creek","Navarro River","MENDOCINO COAST","Domestic","N","N",10000000,NA,NA,"Y",NA,0,0.1996,"N",0.831724878632568,"N","S027721",2664737
"S027940",0.0015344,0.0012276,0.0012276,0,0,0,0,0,0,0.0537055,0.034525,0.0191805,0.1114006,0,"Statement of Div and Use","Claimed","Individual","AARON   WEINBERG","Stream","South Branch North Fork Navarro River","MENDOCINO COAST","Stockwatering","N","N",10000000,NA,NA,"Y",NA,0,0.1228,"N",0.907171009771987,"N","S027940",2664643
"S028071",0.082,0.079,0.0352,0.0198,0,0,0,0,0,0,0.0245,0.04375,0.28425,0,"Statement of Div and Use","Claimed","Individual","CHRISTOPHER  GARLINGTON","Unnamed Creek","Anderson Creek","MENDOCINO COAST","Irrigation","N","N",10000000,NA,NA,"Y",NA,0,0.7,"N",0.406071428571429,"N","S028071",2664999
"S028099",0,0,0,0,0,0,0,0,0,0,0.015344,0.015344,0.030688,0,"Statement of Div and Use","Claimed","Individual","JOSEPH  SEIDELL","Meyer Gulch","Mill Creek","MENDOCINO COAST","Irrigation","N","N",10000000,NA,NA,"Y",NA,0,0.3327,"N",0.092239254583709,"N","S028099",2664715
