JAN_MEAN_DIV,FEB_MEAN_DIV,MAR_MEAN_DIV,APR_MEAN_DIV,MAY_MEAN_DIV,JUN_MEAN_DIV,JUL_MEAN_DIV,AUG_MEAN_DIV,SEP_MEAN_DIV,OCT_MEAN_DIV,NOV_MEAN_DIV,DEC_MEAN_DIV,POD_ID,LATITUDE,LONGITUDE,APPLICATION_NUMBER,APPLICATION_PRIMARY_OWNER,WATER_RIGHT_STATUS,SOURCE_NAME,TRIB_DESC,WATERSHED,PARTY_ID,STORAGE_SEASON_START,STORAGE_SEASON_END,DIRECT_DIV_SEASON_START,DIRECT_DIV_SEASON_END,FACE_VALUE_AMOUNT,FACE_VALUE_UNITS,INI_REPORTED_DIV_AMOUNT,INI_REPORTED_DIV_UNIT,DIV_START,DIV_END,DIV_DAYS_LIST,DIV_DAYS_LENGTH,STO_START,STO_END,STO_DAYS_LIST,STO_DAYS_LENGTH,SUPERSEASON_LENGTH,PRORATED_VALUE,PRORATED_VALUE_UNITS
0,0,0,0,1.1757625,2.020275,1.5510125,0.625375,2.5e-4,0,0,0,615,39.08391852,-123.47768723,A009618,JAMES C GOWAN,Licensed,NAVARRO RIVER,NA,MENDOCINO COAST,403983,NA,NA,5/1,10/31,50,Acre-feet per Year,NA,NA,0-05-01,0-10-31,,184,NA,NA,,0,184,0.2717391304347826,AF per SS DAY
0,0,0,0,0.0204593333333333,0.0204593333333333,0.0204593333333333,0.0204593333333333,0.0204593333333333,0.0245512,0.0245512,0,285,39.05654873,-123.44149368,A012489,THE LAND LLC,Licensed,RANCHERIA CREEK,NA,MENDOCINO COAST,577639,NA,NA,5/1,11/1,47.7,Acre-feet per Year,NA,NA,0-05-01,0-11-01,,185,NA,NA,,0,185,0.25783783783783787,AF per SS DAY
0,0,0,0,0,0,0,0,0,0,0,0,20127,39.0329416,-123.38434261,A013176,JAN  WASSON-SMITH,Licensed,CON CREEK,ANDERSON CREEK,MENDOCINO COAST,645306,NA,NA,5/1,10/15,53.3,Acre-feet per Year,NA,NA,0-05-01,0-10-15,,168,NA,NA,,0,168,0.31726190476190474,AF per SS DAY
0.351985714285714,0.383393285714286,0.333144857142857,0.203321,0.288411142857143,0.284195,0.335326714285714,0.268033285714286,0.164145285714286,0.1917525,0.242907166666667,0.302131,14648,38.98780756,-123.34581324,A015098,CALIF DEPT OF FORESTRY & FIRE PROTECTION,Licensed,UNSP,NA,MENDOCINO COAST,419417,NA,NA,1/1,12/31,5.4,Acre-feet per Year,NA,NA,0-01-01,0-12-31,,366,NA,NA,,0,366,0.014754098360655738,AF per SS DAY
0,0,0,0,0.9883836392,0.923967678,0.970508231,0.3991466,0.0882028,0,0,0,5298,39.04352255,-123.41433311,A015425A,SIGNAL RIDGE VINEYARDS,Licensed,ANDERSON CREEK,NA,MENDOCINO COAST,597568,NA,NA,5/1,11/1,22,Acre-feet per Year,NA,NA,0-05-01,0-11-01,,185,NA,NA,,0,185,0.11891891891891893,AF per SS DAY
0,0,0.004143,0.04143,0.165538,0.27042775,0.192302875,0.0875,0.0625,0,0,0,33946,39.0452168,-123.41683194,A015425B,SIGNAL RIDGE VINEYARDS,Licensed,ANDERSON CREEK,NA,MENDOCINO COAST,597568,NA,NA,5/1,11/1,30,Acre-feet per Year,NA,NA,0-05-01,0-11-01,,185,NA,NA,,0,185,0.16216216216216217,AF per SS DAY
0,0,0,0,0,0,0,0,0,0,0,0,17361,39.06000617,-123.43981771,A015520,MARY  RADICEVIC,Licensed,INDIAN CREEK,NA,MENDOCINO COAST,625494,NA,NA,5/15,10/31,50.6,Acre-feet per Year,NA,NA,0-05-15,0-10-31,,170,NA,NA,,0,170,0.29764705882352943,AF per SS DAY
0,0,0,0,0,0,0,0,0,0,0,0,14691,39.0249,-123.3882,A015696,PHILLIP W WASSON,Licensed,ANDERSON CREEK,NA,MENDOCINO COAST,418300,NA,NA,5/1,10/1,48.5,Acre-feet per Year,NA,NA,0-05-01,0-10-01,,154,NA,NA,,0,154,0.31493506493506496,AF per SS DAY
0,0,0,0,0,0,0,0,0,0,0,0,14692,39.0264,-123.3889,A015696,PHILLIP W WASSON,Licensed,ANDERSON CREEK,NA,MENDOCINO COAST,418300,NA,NA,5/1,10/1,48.5,Acre-feet per Year,NA,NA,0-05-01,0-10-01,,154,NA,NA,,0,154,0.31493506493506496,AF per SS DAY
0,0,0,0,0,0,0,0,0,0,0,0,14693,39.0242,-123.3863,A015696,PHILLIP W WASSON,Licensed,ANDERSON CREEK,NA,MENDOCINO COAST,418300,NA,NA,5/1,10/1,48.5,Acre-feet per Year,NA,NA,0-05-01,0-10-01,,154,NA,NA,,0,154,0.31493506493506496,AF per SS DAY
0,0,0,0,0,0,0,0,0,0,0,0,14694,39.0228,-123.384,A015696,PHILLIP W WASSON,Licensed,ANDERSON CREEK,NA,MENDOCINO COAST,418300,NA,NA,5/1,10/1,48.5,Acre-feet per Year,NA,NA,0-05-01,0-10-01,,154,NA,NA,,0,154,0.31493506493506496,AF per SS DAY
0,0,0,0.375,3.6825,7.30375,8.3025,5.245,0.275,0,0,0,17415,39.0361779,-123.39942647,A015733,YGGDRASIL LAND FOUNDATION INC,Licensed,ANDERSON CREEK,NA,MENDOCINO COAST,432653,NA,NA,5/1,10/31,65.7,Acre-feet per Year,NA,NA,0-05-01,0-10-31,,184,NA,NA,,0,184,0.35706521739130437,AF per SS DAY
0,0,0,0.375,3.6825,7.30375,8.3025,5.245,0.275,0,0,0,17416,39.03515407,-123.39938866,A015733,YGGDRASIL LAND FOUNDATION INC,Licensed,ANDERSON CREEK,NA,MENDOCINO COAST,432653,NA,NA,5/1,10/31,65.7,Acre-feet per Year,NA,NA,0-05-01,0-10-31,,184,NA,NA,,0,184,0.35706521739130437,AF per SS DAY
0.24912664775,0.28997664775,0.25675164775,0.25427664775,0.2295282955,0.357206591,0.412431591,0.431581591,0.378056591,0.263971060666667,0.252437727333333,0.329835530333333,40547,39.04788041,-123.42090685,A015799,"DE VALL FAMILY HOLDINGS, LLC",Licensed,ANDERSON CREEK,NA,MENDOCINO COAST,612004,NA,NA,5/15,10/1,119.4,Acre-feet per Year,NA,NA,0-05-15,0-10-01,,140,NA,NA,,0,140,0.8528571428571429,AF per SS DAY
0.24912664775,0.28997664775,0.25675164775,0.25427664775,0.2295282955,0.357206591,0.412431591,0.431581591,0.378056591,0.263971060666667,0.252437727333333,0.329835530333333,40548,39.04569693,-123.41980665,A015799,"DE VALL FAMILY HOLDINGS, LLC",Licensed,ANDERSON CREEK,NA,MENDOCINO COAST,612004,NA,NA,5/15,10/1,119.4,Acre-feet per Year,NA,NA,0-05-15,0-10-01,,140,NA,NA,,0,140,0.8528571428571429,AF per SS DAY
0,0,0,0,0,0,0,0,0,0,0,0,28865,39.04006374,-123.40877805,A015986,"Cakebread Properties #14, LP",Licensed,ANDERSON CREEK,NA,MENDOCINO COAST,536945,NA,NA,5/1,10/1,67,Acre-feet per Year,NA,NA,0-05-01,0-10-01,,154,NA,NA,,0,154,0.43506493506493504,AF per SS DAY
0,0,0,0,0,0,0,0,0,0,0,0,28865,39.04006374,-123.40877805,A015986,"Cakebread Properties #14, LP",Licensed,ANDERSON CREEK,NA,MENDOCINO COAST,536945,NA,NA,5/1,10/1,67,Acre-feet per Year,NA,NA,0-05-01,0-10-01,,154,NA,NA,,0,154,0.43506493506493504,AF per SS DAY
0,0,0,0,0,0,0,0,0,0,0,0,28866,39.03887919,-123.40452912,A015986,"Cakebread Properties #14, LP",Licensed,ANDERSON CREEK,NA,MENDOCINO COAST,536945,NA,NA,5/1,10/1,67,Acre-feet per Year,NA,NA,0-05-01,0-10-01,,154,NA,NA,,0,154,0.43506493506493504,AF per SS DAY
0,0,0,0,0,0,0,0,0,0,0,0,28866,39.03887919,-123.40452912,A015986,"Cakebread Properties #14, LP",Licensed,ANDERSON CREEK,NA,MENDOCINO COAST,536945,NA,NA,5/1,10/1,67,Acre-feet per Year,NA,NA,0-05-01,0-10-01,,154,NA,NA,,0,154,0.43506493506493504,AF per SS DAY
0,0,0,1.2,1.2875,1.4625,1.47375,1.2875,1.50625,0,0,0,306,39.07430918,-123.42672104,A018907,MARVIN  DUTRA,Licensed,INDIAN CREEK,NA,MENDOCINO COAST,415467,NA,NA,4/1,10/1,10.6,Acre-feet per Year,NA,NA,0-04-01,0-10-01,,184,NA,NA,,0,184,0.057608695652173914,AF per SS DAY
2.875,2.125,2.5,1.4375,0.9375,0,0,0,0,0.142857142857143,0.428571428571429,1,31906,39.1443,-123.555,A020838,"PERRY GULCH RANCH, LLC",Licensed,UNST,NA,MENDOCINO COAST,610783,10/1,6/1,NA,NA,24.3,Acre-feet per Year,NA,NA,NA,NA,,0,275,153,,245,245,0.09918367346938776,AF per SS DAY
0.01125,0.0125,0.02375,0.0975,0.10625,1.535,0.82,0.31625,0.2225,0.0885714285714286,0.0542857142857143,0.0285714285714286,23649,39.06309111,-123.43459677,A021256A,JACKSON FAMILY INVESTMENTS III,Licensed,INDIAN CREEK,NA,MENDOCINO COAST,562620,NA,NA,5/1,11/1,29.4,Acre-feet per Year,NA,NA,0-05-01,0-11-01,,185,NA,NA,,0,185,0.1589189189189189,AF per SS DAY
0,0,0,0,0.0975,0.13625,0,0,0,0,0,0,893,39.06309111,-123.43459677,A021256B,ANDERSON VINEYARDS INC,Licensed,INDIAN CREEK,NA,MENDOCINO COAST,416492,NA,NA,5/1,11/1,70.6,Acre-feet per Year,NA,NA,0-05-01,0-11-01,,185,NA,NA,,0,185,0.3816216216216216,AF per SS DAY
0,0,0,0,0,0,0,0,0,0,0,0,23751,39.03925285,-123.40770559,A021853,"Cakebread Properties #14, LP",Licensed,ANDERSON CREEK,NA,MENDOCINO COAST,536945,NA,NA,5/1,7/31,23,Acre-feet per Year,NA,NA,0-05-01,0-07-31,,92,NA,NA,,0,92,0.25,AF per SS DAY
0,0,0,0,0,0,0,0,0,0,0,0,23752,39.03684551,-123.40237621,A021853,"Cakebread Properties #14, LP",Licensed,ANDERSON CREEK,NA,MENDOCINO COAST,536945,NA,NA,5/1,7/31,23,Acre-feet per Year,NA,NA,0-05-01,0-07-31,,92,NA,NA,,0,92,0.25,AF per SS DAY
0.742857142857143,0.0285714285714286,0,0,0,0,0,0,0.0142857142857143,0.166666666666667,0,0.0333333333333333,12673,39.18964782,-123.73164109,A022213,ELISABETH  HOVLAND,Licensed,UNST,NA,MENDOCINO COAST,563423,11/1,7/1,NA,NA,1,Acre-feet per Year,NA,NA,NA,NA,,0,306,183,,244,244,0.004098360655737705,AF per SS DAY
0,0,0,0,0,0.246,0.246,0.246,0.18,0,0,0,41535,39.05241812,-123.4090235,A022747,ENRIQUE  MENDOZA J,Licensed,UNST,NA,MENDOCINO COAST,650613,NA,NA,6/1,9/1,1.9,Acre-feet per Year,NA,NA,0-06-01,0-09-01,,93,NA,NA,,0,93,0.020430107526881718,AF per SS DAY
0,0,0,0,0,0.246,0.246,0.246,0.18,0,0,0,41536,39.05045806,-123.41215413,A022747,ENRIQUE  MENDOZA J,Licensed,UNST,NA,MENDOCINO COAST,650613,NA,NA,6/1,9/1,1.9,Acre-feet per Year,NA,NA,0-06-01,0-09-01,,93,NA,NA,,0,93,0.020430107526881718,AF per SS DAY
0.0138419037685553,0.030476472332521,0.04638251964551,0.0854798267812541,0.131498085801276,0.152989462705085,0.227055789887706,0.245997342413098,0.24089769365626101,0.183032291435835,0.107543613239402,0.0353853179045776,26288,38.89222082,-123.24984628,A022870,SARATH B RAVIPATI & CARLA J RAVIPATI TRUSTEES OF THE RAVIPATI FAMILY TRUST,Licensed,Saphronie Creek,Rancheria Creek,MENDOCINO COAST,637417,NA,NA,1/1,12/31,75.7,Acre-feet per Year,NA,NA,0-01-01,0-12-31,,366,NA,NA,,0,366,0.2068306010928962,AF per SS DAY
4.0809623144465e-4,8.9852766747902e-4,0.00136748035448998,0.00252017321874594,0.00387691419872422,0.0045105372949146,0.00669421011229389,0.00725265758690237,0.00710230634373855,0.00539627999273684,0.00317067247488328,0.0010432535239938499,26288,38.89222082,-123.24984628,A022870,SARATH B RAVIPATI & CARLA J RAVIPATI TRUSTEES OF THE RAVIPATI FAMILY TRUST,Licensed,Saphronie Creek,Rancheria Creek,MENDOCINO COAST,637417,NA,NA,1/1,12/31,75.7,Acre-feet per Year,NA,NA,0-01-01,0-12-31,,366,NA,NA,,0,366,0.2068306010928962,AF per SS DAY
0.0138419037685553,0.030476472332521,0.04638251964551,0.0854798267812541,0.131498085801276,0.152989462705085,0.227055789887706,0.245997342413098,0.24089769365626101,0.183032291435835,0.107543613239402,0.0353853179045776,29869,38.89315979,-123.26462096,A022870,SARATH B RAVIPATI & CARLA J RAVIPATI TRUSTEES OF THE RAVIPATI FAMILY TRUST,Licensed,Rancheria Creek,Navarro River,MENDOCINO COAST,637417,NA,NA,1/1,12/31,75.7,Acre-feet per Year,NA,NA,0-01-01,0-12-31,,366,NA,NA,,0,366,0.2068306010928962,AF per SS DAY
4.0809623144465e-4,8.9852766747902e-4,0.00136748035448998,0.00252017321874594,0.00387691419872422,0.0045105372949146,0.00669421011229389,0.00725265758690237,0.00710230634373855,0.00539627999273684,0.00317067247488328,0.0010432535239938499,29869,38.89315979,-123.26462096,A022870,SARATH B RAVIPATI & CARLA J RAVIPATI TRUSTEES OF THE RAVIPATI FAMILY TRUST,Licensed,Rancheria Creek,Navarro River,MENDOCINO COAST,637417,NA,NA,1/1,12/31,75.7,Acre-feet per Year,NA,NA,0-01-01,0-12-31,,366,NA,NA,,0,366,0.2068306010928962,AF per SS DAY
0,0,2.93,0.78875,0.67375,0.6225,0.3,0.175,0,0,0,0,41608,39.10014637,-123.50152858,A023120,"Husch Vineyards, Inc.",Licensed,NAVARRO RIVER,NA,MENDOCINO COAST,431409,3/15,9/1,3/15,9/1,84,Acre-feet per Year,NA,NA,0-03-15,0-09-01,,171,75,245,,171,171,0.49122807017543857,AF per SS DAY
0.003951125,0.003951125,0.00594575,0.00575425,0.007096875,0.010747875,0.01304925,0.01343275,0.013241,0.0116254285714286,0.00723385714285714,0.00605028571428571,31505,39.04935563,-123.41248434,A023377,MORGAN F BAYNHAM,Licensed,UNST,NA,MENDOCINO COAST,405022,NA,NA,6/1,10/15,0.4,Acre-feet per Year,NA,NA,0-06-01,0-10-15,,137,NA,NA,,0,137,0.0029197080291970805,AF per SS DAY
5.375,0.925,0,0.20625,0,0,0,0,0,0,0,13.3357142857143,6666,39.02154581,-123.3726793,A024323,ANDERSON VINEYARDS INC,Licensed,UNST,NA,MENDOCINO COAST,416492,12/1,4/30,NA,NA,40,Acre-feet per Year,NA,NA,NA,NA,,0,336,121,,152,152,0.2631578947368421,AF per SS DAY
0.5,0.5,0.2,0.1,0,0,0,0,0,0,0,0.01,18031,39.00933916,-123.35531995,A024324,NICK  ROSSI,Licensed,UNST,NA,MENDOCINO COAST,417493,12/1,6/1,NA,NA,3,Acre-feet per Year,NA,NA,NA,NA,,0,336,153,,184,184,0.016304347826086956,AF per SS DAY
0,0,0,0,0,0,0,0,0,0,0,0,25762,39.02982811,-123.38058511,A024352A,VILLA  AMOROSA,Licensed,WITHERELL CREEK,NA,MENDOCINO COAST,575804,11/1,5/31,NA,NA,7.2,Acre-feet per Year,NA,NA,NA,NA,,0,306,152,,213,213,0.033802816901408454,AF per SS DAY
0,0,0,0,0,0,0,0,0,0,0,0,29446,39.02982811,-123.38058511,A024352B,VILLA  AMOROSA,Licensed,WITHERELL CREEK,NA,MENDOCINO COAST,575804,NA,NA,3/1,5/31,1.6,Acre-feet per Year,NA,NA,0-03-01,0-05-31,,92,NA,NA,,0,92,0.017391304347826087,AF per SS DAY
0,0,0,0,0,0,0,0,0,0,0,0,23661,39.02154581,-123.3726793,A024492,ANDERSON VINEYARDS INC,Licensed,UNST,NA,MENDOCINO COAST,416492,12/1,4/30,NA,NA,7,Acre-feet per Year,NA,NA,NA,NA,,0,336,121,,152,152,0.046052631578947366,AF per SS DAY
0,0,0.125,0.2875,0.16313975,0.125213625,0.062744875,2.5e-5,0,0,0,0,31652,39.09364671,-123.47386929,A024524,JAMES C GOWAN,Licensed,UNST,NA,MENDOCINO COAST,403983,2/1,7/1,3/15,5/15,8.4,Acre-feet per Year,NA,NA,0-03-15,0-05-15,,62,32,183,,152,152,0.05526315789473685,AF per SS DAY
0,0,0.25,0,1.1875,10.98125,8.0025,1.605,0.25,0,0,0,18071,39.08426083,-123.47732793,A024525,JAMES C GOWAN,Licensed,NAVARRO RIVER,NA,MENDOCINO COAST,403983,NA,NA,5/1,11/1,181,Acre-feet per Year,NA,NA,0-05-01,0-11-01,,185,NA,NA,,0,185,0.9783783783783784,AF per SS DAY
0,0,0,0,0.375,0,0,0,0,0,0,0,25773,39.08424841,-123.47765887,A024526,JAMES C GOWAN,Licensed,NAVARRO RIVER,NA,MENDOCINO COAST,403983,NA,NA,4/1,5/31,14.9,Acre-feet per Year,NA,NA,0-04-01,0-05-31,,61,NA,NA,,0,61,0.24426229508196723,AF per SS DAY
7.62875,1.2,0.81,0.42875,0.175,0,0,0,0,0.355714285714286,0.354285714285714,6.29285714285714,25878,39.1122614,-123.48846532,A024868A,"SILVER OAK WINE CELLARS, LLC",Permitted,UNST,NA,MENDOCINO COAST,601796,11/1,6/1,NA,NA,70,Acre-feet per Year,NA,NA,NA,NA,,0,306,153,,214,214,0.32710280373831774,AF per SS DAY
7.62875,1.2,0.81,0.42875,0.175,0,0,0,0,0.355714285714286,0.354285714285714,6.29285714285714,29586,39.11367317,-123.48477265,A024868A,"SILVER OAK WINE CELLARS, LLC",Permitted,LAZY CREEK,NA,MENDOCINO COAST,601796,11/1,6/1,NA,NA,70,Acre-feet per Year,NA,NA,NA,NA,,0,306,153,,214,214,0.32710280373831774,AF per SS DAY
7.62875,1.2,0.81,0.42875,0.175,0,0,0,0,0.355714285714286,0.354285714285714,6.29285714285714,29587,39.11013392,-123.49206876,A024868A,"SILVER OAK WINE CELLARS, LLC",Permitted,UNST,NA,MENDOCINO COAST,601796,11/1,6/1,NA,NA,70,Acre-feet per Year,NA,NA,NA,NA,,0,306,153,,214,214,0.32710280373831774,AF per SS DAY
0,0,0,0,0.05,0,0,0,0,0,0,0,8898,39.11367317,-123.48477265,A024868B,"SILVER OAK WINE CELLARS, LLC",Permitted,LAZY CREEK,NA,MENDOCINO COAST,601796,NA,NA,3/15,5/31,30,Acre-feet per Year,NA,NA,0-03-15,0-05-31,,78,NA,NA,,0,78,0.38461538461538464,AF per SS DAY
0,0,0,0,0.05,0,0,0,0,0,0,0,35510,39.1122614,-123.48846532,A024868B,"SILVER OAK WINE CELLARS, LLC",Permitted,UNST,NA,MENDOCINO COAST,601796,NA,NA,3/15,5/31,30,Acre-feet per Year,NA,NA,0-03-15,0-05-31,,78,NA,NA,,0,78,0.38461538461538464,AF per SS DAY
0,0,0,0,0.05,0,0,0,0,0,0,0,35511,39.11013392,-123.49206876,A024868B,"SILVER OAK WINE CELLARS, LLC",Permitted,UNST,NA,MENDOCINO COAST,601796,NA,NA,3/15,5/31,30,Acre-feet per Year,NA,NA,0-03-15,0-05-31,,78,NA,NA,,0,78,0.38461538461538464,AF per SS DAY
9.9375,1.6875,0.0625,0,0,0,0,0,0,0,1.42857142857143,3.92857142857143,12603,39.11083995,-123.48579538,A024943,MARGARET  ORDWAY,Licensed,LAZY CREEK,NA,MENDOCINO COAST,641840,11/1,6/15,3/15,5/15,175,Acre-feet per Year,NA,NA,0-03-15,0-05-15,,62,306,167,,228,228,0.7675438596491229,AF per SS DAY
9.9375,1.6875,0.0625,0,0,0,0,0,0,0,1.42857142857143,3.92857142857143,23783,39.1052,-123.488,A024943,MARGARET  ORDWAY,Licensed,UNST,NA,MENDOCINO COAST,641840,11/1,6/15,3/15,5/15,175,Acre-feet per Year,NA,NA,0-03-15,0-05-15,,62,306,167,,228,228,0.7675438596491229,AF per SS DAY
9.9375,1.6875,0.0625,0,0,0,0,0,0,0,1.42857142857143,3.92857142857143,43438,39.1092713,-123.48476499,A024943,MARGARET  ORDWAY,Licensed,UNST,NA,MENDOCINO COAST,641840,11/1,6/15,3/15,5/15,175,Acre-feet per Year,NA,NA,0-03-15,0-05-15,,62,306,167,,228,228,0.7675438596491229,AF per SS DAY
4.46033746292565,2.17044185388802,1.96386357089994,0.887683868542943,0.327675897153506,0.118905802144333,0,0,0.00109590601054684,0.762124351334576,1.16103413917363,1.74843976082674,12634,39.0977,-123.4698,A025007A,NAVARRO RANCH LLC,Licensed,UNST,NA,MENDOCINO COAST,478877,10/1,4/30,NA,NA,48.7,Acre-feet per Year,NA,NA,NA,NA,,0,275,121,,213,213,0.22863849765258218,AF per SS DAY
5.71466253707435,2.78080814611198,2.51613642910006,1.13731613145706,0.419824102846494,0.152344197855668,0,0,0.00140409398945316,0.976447077236852,1.4875372893978,2.24013166774469,12634,39.0977,-123.4698,A025007A,NAVARRO RANCH LLC,Licensed,UNST,NA,MENDOCINO COAST,478877,10/1,4/30,NA,NA,48.7,Acre-feet per Year,NA,NA,NA,NA,,0,275,121,,213,213,0.22863849765258218,AF per SS DAY
4.46033746292565,2.17044185388802,1.96386357089994,0.887683868542943,0.327675897153506,0.118905802144333,0,0,0.00109590601054684,0.762124351334576,1.16103413917363,1.74843976082674,25925,39.0971,-123.4813,A025007A,NAVARRO RANCH LLC,Licensed,UNST,NA,MENDOCINO COAST,478877,10/1,4/30,NA,NA,48.7,Acre-feet per Year,NA,NA,NA,NA,,0,275,121,,213,213,0.22863849765258218,AF per SS DAY
5.71466253707435,2.78080814611198,2.51613642910006,1.13731613145706,0.419824102846494,0.152344197855668,0,0,0.00140409398945316,0.976447077236852,1.4875372893978,2.24013166774469,25925,39.0971,-123.4813,A025007A,NAVARRO RANCH LLC,Licensed,UNST,NA,MENDOCINO COAST,478877,10/1,4/30,NA,NA,48.7,Acre-feet per Year,NA,NA,NA,NA,,0,275,121,,213,213,0.22863849765258218,AF per SS DAY
0,0,0,0.51562377796229,0.0547953005273422,0,0,0,0,0,0,0,3180,39.0977,-123.4698,A025007B,NAVARRO RANCH LLC,Licensed,UNST,NA,MENDOCINO COAST,478877,NA,NA,4/1,5/31,24.2,Acre-feet per Year,NA,NA,0-04-01,0-05-31,,61,NA,NA,,0,61,0.39672131147540984,AF per SS DAY
0,0,0,0.66062622203771,0.0702046994726578,0,0,0,0,0,0,0,3180,39.0977,-123.4698,A025007B,NAVARRO RANCH LLC,Licensed,UNST,NA,MENDOCINO COAST,478877,NA,NA,4/1,5/31,24.2,Acre-feet per Year,NA,NA,0-04-01,0-05-31,,61,NA,NA,,0,61,0.39672131147540984,AF per SS DAY
0,0,0,0.51562377796229,0.0547953005273422,0,0,0,0,0,0,0,18193,39.0971,-123.4813,A025007B,NAVARRO RANCH LLC,Licensed,UNST,NA,MENDOCINO COAST,478877,NA,NA,4/1,5/31,24.2,Acre-feet per Year,NA,NA,0-04-01,0-05-31,,61,NA,NA,,0,61,0.39672131147540984,AF per SS DAY
0,0,0,0.66062622203771,0.0702046994726578,0,0,0,0,0,0,0,18193,39.0971,-123.4813,A025007B,NAVARRO RANCH LLC,Licensed,UNST,NA,MENDOCINO COAST,478877,NA,NA,4/1,5/31,24.2,Acre-feet per Year,NA,NA,0-04-01,0-05-31,,61,NA,NA,,0,61,0.39672131147540984,AF per SS DAY
2.78125,0.125,0,0,0,0,0,0,0,0,0.571428571428571,1.21428571428571,41365,39.10028044,-123.49103304,A025060,MARGARET  ORDWAY,Licensed,UNST,NA,MENDOCINO COAST,641840,11/1,5/15,NA,NA,11,Acre-feet per Year,NA,NA,NA,NA,,0,306,136,,197,197,0.05583756345177665,AF per SS DAY
6.375,1.15625,0.125,0,0,0,0,0,0,0,1.42857142857143,4.14285714285714,3182,39.105458,-123.48338804,A025061A,MARGARET  ORDWAY,Licensed,UNST,NA,MENDOCINO COAST,641840,11/1,5/15,NA,NA,44,Acre-feet per Year,NA,NA,NA,NA,,0,306,136,,197,197,0.2233502538071066,AF per SS DAY
0.6875,0.6875,1,0.4375,0.40625,0,0,0,0,0.142857142857143,0.428571428571429,0.857142857142857,29681,39.1443,-123.555,A025147,"PERRY GULCH RANCH, LLC",Licensed,GULCH 1,NA,MENDOCINO COAST,610783,10/1,4/1,NA,NA,9,Acre-feet per Year,NA,NA,NA,NA,,0,275,92,,184,184,0.04891304347826087,AF per SS DAY
0.5,0.5625,0.3125,0,0,0,0,0,0,0,0.5,0.571428571428571,12858,39.0667765,-123.3909916,A025771,EMERALD EARTH SANCTUARY,Licensed,UNST,NA,MENDOCINO COAST,432787,11/1,6/1,NA,NA,2.5,Acre-feet per Year,NA,NA,NA,NA,,0,306,153,,214,214,0.011682242990654205,AF per SS DAY
9.74625,0,2.9375,1.2775,0.875,0,1.07,0,0,0,1.72,3.86571428571429,9994,39.0922,-123.4911,A027580,LMR WINE ESTATES LLC,Permitted,NAVARRO RIVER,NA,MENDOCINO COAST,553809,11/1,5/1,NA,NA,20,Acre-feet per Year,NA,NA,NA,NA,,0,306,122,,183,183,0.1092896174863388,AF per SS DAY
9.74625,0,2.9375,1.2775,0.875,0,1.07,0,0,0,1.72,3.86571428571429,12558,39.0893,-123.4875,A027580,LMR WINE ESTATES LLC,Permitted,UNNAMED STREAM,NAVARRO RIVER,MENDOCINO COAST,553809,11/1,5/1,NA,NA,20,Acre-feet per Year,NA,NA,NA,NA,,0,306,122,,183,183,0.1092896174863388,AF per SS DAY
10.106225,0.2,2.308625,0.565,0,0,0,0,0,0,0.211142857142857,4.01562857142857,1033,39.1162,-123.5063,A027758,ANDERSON VINEYARDS INC,Permitted,UNNAMED STREAM,MILL CREEK,MENDOCINO COAST,416492,11/1,6/1,NA,NA,75,Acre-feet per Year,NA,NA,NA,NA,,0,306,153,,214,214,0.35046728971962615,AF per SS DAY
0,0,0,0,0,0,0,0,0,0,0,0,18208,39.02982811,-123.38058511,A027896,VILLA  AMOROSA,Permitted,WITHERELL CREEK,NA,MENDOCINO COAST,575804,11/1,5/31,NA,NA,5,Acre-feet per Year,NA,NA,NA,NA,,0,306,152,,213,213,0.023474178403755867,AF per SS DAY
2.00057642225326,0.458088712408581,0.35233378239081,0.338087004253701,0,0,0,0,0,0.0425837764098202,0.212918882049101,1.25997879612586,1185,39.0977,-123.4698,A028227,NAVARRO RANCH LLC,Licensed,UNST,NA,MENDOCINO COAST,478877,10/1,4/30,NA,NA,12,Acre-feet per Year,NA,NA,NA,NA,,0,275,121,,213,213,0.056338028169014086,AF per SS DAY
2.56317357774674,0.586911287591419,0.45141621760919,0.433162995746299,0,0,0,0,0,0.0545590807330369,0.272795403665185,1.61430691815986,1185,39.0977,-123.4698,A028227,NAVARRO RANCH LLC,Licensed,UNST,NA,MENDOCINO COAST,478877,10/1,4/30,NA,NA,12,Acre-feet per Year,NA,NA,NA,NA,,0,275,121,,213,213,0.056338028169014086,AF per SS DAY
2.00057642225326,0.458088712408581,0.35233378239081,0.338087004253701,0,0,0,0,0,0.0425837764098202,0.212918882049101,1.25997879612586,26435,39.0971,-123.4813,A028227,NAVARRO RANCH LLC,Licensed,UNST,NA,MENDOCINO COAST,478877,10/1,4/30,NA,NA,12,Acre-feet per Year,NA,NA,NA,NA,,0,275,121,,213,213,0.056338028169014086,AF per SS DAY
2.56317357774674,0.586911287591419,0.45141621760919,0.433162995746299,0,0,0,0,0,0.0545590807330369,0.272795403665185,1.61430691815986,26435,39.0971,-123.4813,A028227,NAVARRO RANCH LLC,Licensed,UNST,NA,MENDOCINO COAST,478877,10/1,4/30,NA,NA,12,Acre-feet per Year,NA,NA,NA,NA,,0,275,121,,213,213,0.056338028169014086,AF per SS DAY
8.578125,0.85,2.94,0.6875,0,0,0,0,0,1.16,0.302857142857143,4.16428571428571,7145,39.11213844,-123.50855463,A028944,ANDERSON VINEYARDS INC,Permitted,MILL CREEK,NA,MENDOCINO COAST,416492,11/1,6/15,NA,NA,122,Acre-feet per Year,NA,NA,NA,NA,,0,306,167,,228,228,0.5350877192982456,AF per SS DAY
8.578125,0.85,2.94,0.6875,0,0,0,0,0,1.16,0.302857142857143,4.16428571428571,44017,39.11299447,-123.5166803,A028944,ANDERSON VINEYARDS INC,Permitted,UNST,NA,MENDOCINO COAST,416492,11/1,6/15,NA,NA,122,Acre-feet per Year,NA,NA,NA,NA,,0,306,167,,228,228,0.5350877192982456,AF per SS DAY
8.578125,0.85,2.94,0.6875,0,0,0,0,0,1.16,0.302857142857143,4.16428571428571,44018,39.113604,-123.51202272,A028944,ANDERSON VINEYARDS INC,Permitted,UNST,NA,MENDOCINO COAST,416492,11/1,6/15,NA,NA,122,Acre-feet per Year,NA,NA,NA,NA,,0,306,167,,228,228,0.5350877192982456,AF per SS DAY
0,0,0,0,0,0,0,0,0,0,0,0,32358,39.02628998,-123.372067,A028945,ANDERSON VINEYARDS INC,Permitted,GRAVEYARD CREEK,NA,MENDOCINO COAST,416492,NA,NA,3/1,6/1,40,Acre-feet per Year,NA,NA,0-03-01,0-06-01,,93,NA,NA,,0,93,0.43010752688172044,AF per SS DAY
6.6462,0.285,0.6675,0,0,0,0,0,0,0,0.17142857142857101,2.98671428571429,18469,39.02628998,-123.372067,A028946,ANDERSON VINEYARDS INC,Permitted,GRAVEYARD CREEK,NA,MENDOCINO COAST,416492,11/1,6/15,NA,NA,80,Acre-feet per Year,NA,NA,NA,NA,,0,306,167,,228,228,0.3508771929824561,AF per SS DAY
0,0,0,1.25375,0,0,0,0,0,0,0,0,1354,39.11299447,-123.5166803,A028947,ANDERSON VINEYARDS INC,Permitted,UNST,NA,MENDOCINO COAST,416492,NA,NA,3/1,5/31,50,Acre-feet per Year,NA,NA,0-03-01,0-05-31,,92,NA,NA,,0,92,0.5434782608695652,AF per SS DAY
0,0,0,1.25375,0,0,0,0,0,0,0,0,1355,39.113604,-123.51202272,A028947,ANDERSON VINEYARDS INC,Permitted,UNST,NA,MENDOCINO COAST,416492,NA,NA,3/1,5/31,50,Acre-feet per Year,NA,NA,0-03-01,0-05-31,,92,NA,NA,,0,92,0.5434782608695652,AF per SS DAY
0,0,0,1.25375,0,0,0,0,0,0,0,0,32359,39.11213844,-123.50855463,A028947,ANDERSON VINEYARDS INC,Permitted,MILL CREEK,NA,MENDOCINO COAST,416492,NA,NA,3/1,5/31,50,Acre-feet per Year,NA,NA,0-03-01,0-05-31,,92,NA,NA,,0,92,0.5434782608695652,AF per SS DAY
3.951804875,1.260841125,1.12634175,0.0999,0.07625,0.0025,0,0,0,0.0371428571428571,0.299377285714286,1.85434257142857,7241,39.11855519,-123.51096155,A029192,HANDLEY CELLARS,Licensed,UNST,NA,MENDOCINO COAST,406099,11/1,7/30,NA,NA,24,Acre-feet per Year,NA,NA,NA,NA,,0,306,212,,273,273,0.08791208791208792,AF per SS DAY
3.951804875,1.260841125,1.12634175,0.0999,0.07625,0.0025,0,0,0,0.0371428571428571,0.299377285714286,1.85434257142857,30051,39.11855519,-123.51096155,A029192,HANDLEY CELLARS,Licensed,MILL CREEK,NA,MENDOCINO COAST,406099,11/1,7/30,NA,NA,24,Acre-feet per Year,NA,NA,NA,NA,,0,306,212,,273,273,0.08791208791208792,AF per SS DAY
2.05,1.8375,0.825,0.3375,0.15,0,0,0,0,0,1.64285714285714,0.714285714285714,41762,39.13426412,-123.52735424,A029305,DUCKHORN WINE COMPANY,Licensed,UNST,NA,MENDOCINO COAST,433984,10/1,4/30,NA,NA,18.6,Acre-feet per Year,NA,NA,NA,NA,,0,275,121,,213,213,0.08732394366197184,AF per SS DAY
2.05,1.8375,0.825,0.3375,0.15,0,0,0,0,0,1.64285714285714,0.714285714285714,41763,39.13296943,-123.52513669,A029305,DUCKHORN WINE COMPANY,Licensed,UNST,NA,MENDOCINO COAST,433984,10/1,4/30,NA,NA,18.6,Acre-feet per Year,NA,NA,NA,NA,,0,275,121,,213,213,0.08732394366197184,AF per SS DAY
3.75,2.125,0.60625,0,0,0,0,0,0,0.285714285714286,0.428571428571429,2.76428571428571,836,39.09498318,-123.4972648,A029594,"JACKSON FAMILY INVESTMENTS III, LLC",Permitted,NAVARRO RIVER,NA,MENDOCINO COAST,548060,11/1,3/31,NA,NA,71,Acre-feet per Year,NA,NA,NA,NA,,0,306,91,,152,152,0.46710526315789475,AF per SS DAY
3.75,2.125,0.60625,0,0,0,0,0,0,0.285714285714286,0.428571428571429,2.76428571428571,26658,39.09639869,-123.49394683,A029594,"JACKSON FAMILY INVESTMENTS III, LLC",Permitted,UNST,NA,MENDOCINO COAST,548060,11/1,3/31,NA,NA,71,Acre-feet per Year,NA,NA,NA,NA,,0,306,91,,152,152,0.46710526315789475,AF per SS DAY
0.4875,0.175,0.225,0,0,0,0,0,0,0.428571428571429,0.478571428571429,2.14285714285714,12453,39.01209084,-123.38270386,A029645,HELLUVA VINEYARDS LLC,Permitted,UNST,NA,MENDOCINO COAST,435595,11/1,4/1,NA,NA,15,Acre-feet per Year,NA,NA,NA,NA,,0,306,92,,153,153,0.09803921568627451,AF per SS DAY
0.4875,0.175,0.225,0,0,0,0,0,0,0.428571428571429,0.478571428571429,2.14285714285714,12454,39.00935373,-123.38194658,A029645,HELLUVA VINEYARDS LLC,Permitted,UNST,NA,MENDOCINO COAST,435595,11/1,4/1,NA,NA,15,Acre-feet per Year,NA,NA,NA,NA,,0,306,92,,153,153,0.09803921568627451,AF per SS DAY
0.15,0,0,0,0,0,0,0,0,0.0416666666666667,0.0333333333333333,0.0333333333333333,38363,39.01209084,-123.38270386,A029646,HELLUVA VINEYARDS LLC,Permitted,UNST,NA,MENDOCINO COAST,435595,NA,NA,3/1,4/1,6,Acre-feet per Year,NA,NA,0-03-01,0-04-01,,32,NA,NA,,0,32,0.1875,AF per SS DAY
3.4625,2.0875,1.4375,0.75,0,0,0,0,0,0,0.571428571428571,1.28571428571429,38366,39.12389786,-123.5123306,A029672,JEANNE M MOULTON,Permitted,UNST,NA,MENDOCINO COAST,411682,11/1,3/31,NA,NA,19,Acre-feet per Year,NA,NA,NA,NA,,0,306,91,,152,152,0.125,AF per SS DAY
3.4625,2.0875,1.4375,0.75,0,0,0,0,0,0,0.571428571428571,1.28571428571429,38367,39.12360281,-123.51391078,A029672,JEANNE M MOULTON,Permitted,UNST,NA,MENDOCINO COAST,411682,11/1,3/31,NA,NA,19,Acre-feet per Year,NA,NA,NA,NA,,0,306,91,,152,152,0.125,AF per SS DAY
16.8764375,1.27525,3.42175,0,0,0,0,0,0,0,0,5.79378571428571,6688,39.07397074,-123.44309586,A029679,Redwood Grove Vineyards,Permitted,UNST,NA,MENDOCINO COAST,432691,11/15,3/31,NA,NA,90,Acre-feet per Year,NA,NA,NA,NA,,0,320,91,,138,138,0.6521739130434783,AF per SS DAY
3.81625,1.56875,1.10375,0,0,0,0,0,0,0,0,1.18714285714286,35361,39.0965,-123.475,A029711,NAVARRO RANCH LLC,Permitted,UNST,NA,MENDOCINO COAST,478877,12/15,3/31,NA,NA,30,Acre-feet per Year,NA,NA,NA,NA,,0,350,91,,108,108,0.2777777777777778,AF per SS DAY
4.75,0,0,0,0,0,0,0,0,0,0,1.42857142857143,12523,39.12234231,-123.51582283,A029907,LULA CELLARS,Permitted,UNST,NA,MENDOCINO COAST,537126,12/15,3/31,NA,NA,6,Acre-feet per Year,NA,NA,NA,NA,,0,350,91,,108,108,0.05555555555555555,AF per SS DAY
2.58,0.375,0,0,0,0,0,0,0,0,0,3.5,23691,39.0764,-123.4671,A029910,WINSIDE USA INC DBA THE DONUM ESTATE,Permitted,NAVARRO RIVER,NA,MENDOCINO COAST,640231,12/15,3/31,12/15,3/31,55.6,Acre-feet per Year,NA,NA,0-12-15,0-03-31,,108,350,91,,108,108,0.5148148148148148,AF per SS DAY
0,0,0,0,0,0,0,0,0,0,0,0,44238,39.07641779,-123.46710254,A029911,WINSIDE USA INC DBA THE DONUM ESTATE,Permitted,NAVARRO RIVER,NA,MENDOCINO COAST,640231,NA,NA,3/1,3/31,40,Acre-feet per Year,NA,NA,0-03-01,0-03-31,,31,NA,NA,,0,31,1.2903225806451613,AF per SS DAY
5.3,4.1875,2.525,0,0,0,0,0,0,0,0,5.8,4322,39.0923,-123.4911,A030448,BARBARA R BANKE,Permitted,NAVARRO RIVER,PACIFIC OCEAN,MENDOCINO COAST,431702,12/15,3/31,NA,NA,70,Acre-feet per Year,NA,NA,NA,NA,,0,350,91,,108,108,0.6481481481481481,AF per SS DAY
5.3,4.1875,2.525,0,0,0,0,0,0,0,0,5.8,32987,39.094,-123.4864,A030448,BARBARA R BANKE,Permitted,UNNAMED STREAM,NAVARRO RIVER,MENDOCINO COAST,431702,12/15,3/31,NA,NA,70,Acre-feet per Year,NA,NA,NA,NA,,0,350,91,,108,108,0.6481481481481481,AF per SS DAY
0,0,0,0,0,0,0,0,0,0,0,0,10113,39.0923,-123.4911,A030449,BARBARA R BANKE,Permitted,NAVARRO RIVER,PACIFIC OCEAN,MENDOCINO COAST,431702,NA,NA,3/1,3/31,15,Acre-feet per Year,NA,NA,0-03-01,0-03-31,,31,NA,NA,,0,31,0.4838709677419355,AF per SS DAY
0,0,0,0,0,0,0,0,0,0,0,0,15736,39.094,-123.4864,A030449,BARBARA R BANKE,Permitted,UNNAMED STREAM,NAVARRO RIVER,MENDOCINO COAST,431702,NA,NA,3/1,3/31,15,Acre-feet per Year,NA,NA,0-03-01,0-03-31,,31,NA,NA,,0,31,0.4838709677419355,AF per SS DAY
1.27125,0.29625,0.0725,0.0975,0,0,0,0,0,0.0628571428571429,0.0142857142857143,0.438571428571429,46079,39.12307882,-123.51196057,A030717,Dave  Jenks,Permitted,UNST,NA,MENDOCINO COAST,425668,10/1,5/30,NA,NA,3.8,Acre-feet per Year,NA,NA,NA,NA,,0,275,151,,243,243,0.015637860082304528,AF per SS DAY
0,0,0,0.142857142857143,0,0.0714285714285714,0.142857142857143,0.142857142857143,0.142857142857143,0,0,3.78,71679,39.02925966,-123.38195475,A030718,MATTHEW   ELKE,Permitted,WITHERELL CK.,NA,MENDOCINO COAST,547164,12/15,3/31,NA,NA,30,Acre-feet per Year,NA,NA,NA,NA,,0,350,91,,108,108,0.2777777777777778,AF per SS DAY
0.298998283844813,0.0652635847986141,0.00682991003706426,0,0,0,0,0,0,0,0,0.259319758867583,11569,39.0118,-123.3658,A030722,"EAGLE CREEK PACIFIC, LLC",Permitted,ANDERSON CREEK,NA,MENDOCINO COAST,597850,12/15,3/31,NA,NA,100,Acre-feet per Year,NA,NA,NA,NA,,0,350,91,,108,108,0.9259259259259259,AF per SS DAY
4.62600171615519,1.00973641520139,0.105670089962936,0,0,0,0,0,0,0,0,4.01210881256099,11569,39.0118,-123.3658,A030722,"EAGLE CREEK PACIFIC, LLC",Permitted,ANDERSON CREEK,NA,MENDOCINO COAST,597850,12/15,3/31,NA,NA,100,Acre-feet per Year,NA,NA,NA,NA,,0,350,91,,108,108,0.9259259259259259,AF per SS DAY
0.298998283844813,0.0652635847986141,0.00682991003706426,0,0,0,0,0,0,0,0,0.259319758867583,39612,39.0132,-123.3587,A030722,"EAGLE CREEK PACIFIC, LLC",Permitted,UNST,NA,MENDOCINO COAST,597850,12/15,3/31,NA,NA,100,Acre-feet per Year,NA,NA,NA,NA,,0,350,91,,108,108,0.9259259259259259,AF per SS DAY
4.62600171615519,1.00973641520139,0.105670089962936,0,0,0,0,0,0,0,0,4.01210881256099,39612,39.0132,-123.3587,A030722,"EAGLE CREEK PACIFIC, LLC",Permitted,UNST,NA,MENDOCINO COAST,597850,12/15,3/31,NA,NA,100,Acre-feet per Year,NA,NA,NA,NA,,0,350,91,,108,108,0.9259259259259259,AF per SS DAY
24,17,8,0,0,0,0,0,0,0,0,2,5135,39.05339854,-123.46328038,A030859,Pathways in Education,Permitted,UNNAMED STREAM,RANCHERIA CREEK,MENDOCINO COAST,539357,1/1,12/31,NA,NA,51,Acre-feet per Year,NA,NA,NA,NA,,0,1,366,,366,366,0.13934426229508196,AF per SS DAY
24,17,8,0,0,0,0,0,0,0,0,2,5136,39.05492174,-123.46225522,A030859,Pathways in Education,Permitted,UNNAMED STREAM,RANCHERIA CREEK,MENDOCINO COAST,539357,1/1,12/31,NA,NA,51,Acre-feet per Year,NA,NA,NA,NA,,0,1,366,,366,366,0.13934426229508196,AF per SS DAY
24,17,8,0,0,0,0,0,0,0,0,2,27919,39.05499054,-123.46771575,A030859,Pathways in Education,Permitted,UNNAMED STREAM,DAGO CREEK,MENDOCINO COAST,539357,1/1,12/31,NA,NA,51,Acre-feet per Year,NA,NA,NA,NA,,0,1,366,,366,366,0.13934426229508196,AF per SS DAY
24,17,8,0,0,0,0,0,0,0,0,2,27920,39.05582079,-123.46720463,A030859,Pathways in Education,Permitted,UNNAMED STREAM,DAGO CREEK,MENDOCINO COAST,539357,1/1,12/31,NA,NA,51,Acre-feet per Year,NA,NA,NA,NA,,0,1,366,,366,366,0.13934426229508196,AF per SS DAY
2.02625,0.145,0.5675,0,0,0,0,0,0,0,0,2.18,39735,39.07441553,-123.51638326,A030860,SAMUEL  BAKER,Permitted,UNST,NA,MENDOCINO COAST,432310,12/15,3/31,NA,NA,9.5,Acre-feet per Year,NA,NA,NA,NA,,0,350,91,,108,108,0.08796296296296297,AF per SS DAY
0.966692415738952,0.287457522685699,0.265238880467194,0,0,0,0,0,0,0,0,0.292105784208954,11430,39.1165,-123.5223,A030870,ANDERSON VINEYARDS INC,Permitted,UNNAMED STREAM,MILL CREEK,MENDOCINO COAST,416492,12/15,3/31,NA,NA,40,Acre-feet per Year,NA,NA,NA,NA,,0,350,91,,108,108,0.37037037037037035,AF per SS DAY
3.36128258426105,0.999517477314301,0.922261119532806,0,0,0,0,0,0,0,0,1.01567993007676,11430,39.1165,-123.5223,A030870,ANDERSON VINEYARDS INC,Permitted,UNNAMED STREAM,MILL CREEK,MENDOCINO COAST,416492,12/15,3/31,NA,NA,40,Acre-feet per Year,NA,NA,NA,NA,,0,350,91,,108,108,0.37037037037037035,AF per SS DAY
0.966692415738952,0.287457522685699,0.265238880467194,0,0,0,0,0,0,0,0,0.292105784208954,28361,39.1195,-123.5225,A030870,ANDERSON VINEYARDS INC,Permitted,UNST,NA,MENDOCINO COAST,416492,12/15,3/31,NA,NA,40,Acre-feet per Year,NA,NA,NA,NA,,0,350,91,,108,108,0.37037037037037035,AF per SS DAY
3.36128258426105,0.999517477314301,0.922261119532806,0,0,0,0,0,0,0,0,1.01567993007676,28361,39.1195,-123.5225,A030870,ANDERSON VINEYARDS INC,Permitted,UNST,NA,MENDOCINO COAST,416492,12/15,3/31,NA,NA,40,Acre-feet per Year,NA,NA,NA,NA,,0,350,91,,108,108,0.37037037037037035,AF per SS DAY
0.854625,0.815625,0.729625,0.05125,0,0.075,0,0,0.0125,0.0301,0.187857142857143,0.9235,27710,39.0345,-123.3484,A030994,EDWARD R LEMON,Permitted,UNNAMED STREAM,CON CREEK,MENDOCINO COAST,561580,11/1,5/30,NA,NA,9,Acre-feet per Year,NA,NA,NA,NA,,0,306,151,,212,212,0.04245283018867924,AF per SS DAY
0,0,0,0,0,0,0,0,0,0,0,0,71681,39.02925966,-123.38195475,A031003,MATTHEW   ELKE,Permitted,WITHERELL CREEK,NA,MENDOCINO COAST,547164,NA,NA,3/1,5/31,20,Acre-feet per Year,NA,NA,0-03-01,0-05-31,,92,NA,NA,,0,92,0.21739130434782608,AF per SS DAY
0.9,0.4,0.325,0.00625,0,0,0,0,0.00875,0,0.0428571428571429,0.307142857142857,22066,39.14,-123.5411,A031004,BRADFORD  WILEY II,Permitted,UNNAMED STREAM,FLOODGATE CREEK,MENDOCINO COAST,431111,12/1,3/31,NA,NA,9,Acre-feet per Year,NA,NA,NA,NA,,0,336,91,,122,122,0.07377049180327869,AF per SS DAY
0.0125,0.08875,0.015,0,0,0,0,0,0,0,0,0,27981,39.01441799,-123.37166142,A031133,"Cakebread Vineyards, LLC",Permitted,ANDERSON CREEK,NA,MENDOCINO COAST,410690,12/15,3/31,NA,NA,49,Acre-feet per Year,NA,NA,NA,NA,,0,350,91,,108,108,0.4537037037037037,AF per SS DAY
0,0,0.239805730190256,0,0,0,0,0,0,0,0,0,22174,39.0132,-123.3587,A031434,"EAGLE CREEK PACIFIC, LLC",Permitted,UNST,NA,MENDOCINO COAST,597850,NA,NA,3/15,3/31,50,Acre-feet per Year,NA,NA,0-03-15,0-03-31,,17,NA,NA,,0,17,2.9411764705882355,AF per SS DAY
0,0,3.71019426980974,0,0,0,0,0,0,0,0,0,22174,39.0132,-123.3587,A031434,"EAGLE CREEK PACIFIC, LLC",Permitted,UNST,NA,MENDOCINO COAST,597850,NA,NA,3/15,3/31,50,Acre-feet per Year,NA,NA,0-03-15,0-03-31,,17,NA,NA,,0,17,2.9411764705882355,AF per SS DAY
0,0,0.239805730190256,0,0,0,0,0,0,0,0,0,39587,39.0118,-123.3658,A031434,"EAGLE CREEK PACIFIC, LLC",Permitted,ANDERSON CREEK,NA,MENDOCINO COAST,597850,NA,NA,3/15,3/31,50,Acre-feet per Year,NA,NA,0-03-15,0-03-31,,17,NA,NA,,0,17,2.9411764705882355,AF per SS DAY
0,0,3.71019426980974,0,0,0,0,0,0,0,0,0,39587,39.0118,-123.3658,A031434,"EAGLE CREEK PACIFIC, LLC",Permitted,ANDERSON CREEK,NA,MENDOCINO COAST,597850,NA,NA,3/15,3/31,50,Acre-feet per Year,NA,NA,0-03-15,0-03-31,,17,NA,NA,,0,17,2.9411764705882355,AF per SS DAY
0.00713516300394966,0.00644466335840614,0.00713516300394966,0.00690499645543515,0.00713516300394966,0.00690499645543515,0.00713516300394966,0.00713516300394966,0.00690499645543515,0.0081544720045139,0.00789142452049731,0.0081544720045139,34087,39.10689,-123.51369,C004070,ANDRES  FAVELA,Certified,Unnamed Stream,Navarro River,MENDOCINO COAST,568239,11/1,5/31,NA,NA,0,Acre-feet per Year,NA,NA,NA,NA,,0,306,152,,213,213,0,AF per SS DAY
0,0,0,0,0,0,0,0,0,0,0,0,45711,38.98336984,-123.32567441,C005427,EVA H JOHNSON,Certified,ANDERSON CREEK,NA,MENDOCINO COAST,428824,1/1,12/31,NA,NA,8,Acre-feet per Year,NA,NA,NA,NA,,0,1,366,,366,366,0.02185792349726776,AF per SS DAY
0.65125,0.11125,0.54,0.0525,0,0,0,0,0,0.2,0.604285714285714,1.56142857142857,15420,39.02659744,-123.2909251,D029504,"BelláValleyáRanch,áLLC",Registered,UNST,Soda Creek,MENDOCINO COAST,545880,1/1,12/31,1/1,12/31,9,Acre-feet per Year,NA,NA,0-01-01,0-12-31,,366,1,366,,366,366,0.02459016393442623,AF per SS DAY
0.5,0.4,0.375,0.175,0.05,0.05,0.25,0.55,0.35,0.075,0.025,0,27571,39.05909193,-123.37904161,D030428,TONI  WISE,Registered,UNST,NA,MENDOCINO COAST,437971,11/1,4/30,11/1,4/30,2.7,Acre-feet per Year,NA,NA,0-11-01,0-04-30,,182,306,121,,182,182,0.014835164835164836,AF per SS DAY
1.125,1.125,0.5,0.375,0.25,0,0,0,0,0,0.428571428571429,0.714285714285714,22630,39.0176417,-123.38932422,D030704,PETER & COLLETTE ROTHSCHILD TRUST,Registered,UNST,Ornbaun Creek,MENDOCINO COAST,425883,11/1,4/30,NA,NA,9,Acre-feet per Year,NA,NA,NA,NA,,0,306,121,,182,182,0.04945054945054945,AF per SS DAY
0.30875,0.22375,0.28375,0.19375,0,0,0,0,0,0,0.2,0.301428571428571,45929,39.18519108,-123.70789002,D030705,Jesse   Hackett,Registered,UNSP,Unnamed Stream,MENDOCINO COAST,542252,11/1,4/30,NA,NA,3,Acre-feet per Year,NA,NA,NA,NA,,0,306,121,,182,182,0.016483516483516484,AF per SS DAY
0.365833,0.037212125,0.13460625,0.076532875,0.038600875,0.003200125,7.995e-4,0,0.013074875,0.270851571428571,0.0840647142857143,0.400786428571429,40222,39.01591035,-123.40777043,D030709,RONALD L & GAIL GESTER 1990 TRUST B,Registered,UNST,Ornbaum Creek,MENDOCINO COAST,425669,10/1,7/31,10/1,7/31,10,Acre-feet per Year,NA,NA,0-10-01,0-07-31,,305,275,213,,305,305,0.03278688524590164,AF per SS DAY
0.125,0,0,0.125,0,0,0,0,0,0,0,0.142857142857143,40141,39.12177943,-123.53246485,D030713,VALERIE L SMITH,Registered,UNST,Flood Gate Creek,MENDOCINO COAST,426131,10/1,5/31,NA,NA,3,Acre-feet per Year,NA,NA,NA,NA,,0,275,152,,244,244,0.012295081967213115,AF per SS DAY
0.125,0.1875,0,0,0,0,0,0,0,0,0,0.642857142857143,5570,39.12208253,-123.53573596,D030714,DENNIS  BUSSE,Registered,UNST,Flood Gate Creek,MENDOCINO COAST,425891,12/1,5/31,NA,NA,4,Acre-feet per Year,NA,NA,NA,NA,,0,336,152,,183,183,0.02185792349726776,AF per SS DAY
0,0,0,0,0,0,0,0,0,0,0,0,34276,39.0418,-123.3601,D030719,"ANTHONY ABBOTT, TRUSTEE",Registered,UNST,Witherell Creek,MENDOCINO COAST,538951,11/1,4/30,NA,NA,5,Acre-feet per Year,NA,NA,NA,NA,,0,306,121,,182,182,0.027472527472527472,AF per SS DAY
0.16691675,0.16691675,0.16691675,0.16691675,0.16691675,0.16691675,0.16691675,0.16691675,0.17666675,0.166333428571429,0.166904857142857,0.152894714285714,27780,39.1488,-123.5192,D030723,JAMES N SLAMA,Registered,UNNAMED STREAM,MEYER GULCH,MENDOCINO COAST,541442,12/1,5/1,NA,NA,2,Acre-feet per Year,NA,NA,NA,NA,,0,336,122,,153,153,0.013071895424836602,AF per SS DAY
0,0,0,0,0,0,0,0,0,0,0,0,5075,39.05158635,-123.43225092,D030742,DALE A LOTTIG,Registered,ANDERSON CREEK,Navarro River,MENDOCINO COAST,433590,11/1,5/1,1/1,12/31,10,Acre-feet per Year,NA,NA,0-01-01,0-12-31,,366,306,122,,183,366,0.0273224043715847,AF per SS DAY
0.25,0.1625,0.1375,0.1375,0.125,0.11875,0.1125,0.10625,0.1,0.142857142857143,0.142857142857143,0.142857142857143,5120,39.14050383,-123.50228259,D030767,JUDY  BASEHORE,Registered,UNST,Mill Creek,MENDOCINO COAST,431547,11/1,5/1,NA,NA,2,Acre-feet per Year,NA,NA,NA,NA,,0,306,122,,183,183,0.01092896174863388,AF per SS DAY
0.215387,0.0360415,0.011534625,0.00124675,0,0,0,0,0,0.005096,0.0230538571428571,0.0389031428571429,17091,39.1393,-123.5217,D030773,HALLOMAS INC,Registered,UNNAMED STREAM,MEYER GULCH,MENDOCINO COAST,425641,11/15,5/15,NA,NA,10,Acre-feet per Year,NA,NA,NA,NA,,0,320,136,,183,183,0.0546448087431694,AF per SS DAY
0.215387,0.0360415,0.011534625,0.00124675,0,0,0,0,0,0.005096,0.0230538571428571,0.0389031428571429,17092,39.1398,-123.5236,D030773,HALLOMAS INC,Registered,UNNAMED STREAM,MEYER GULCH,MENDOCINO COAST,425641,11/15,5/15,NA,NA,10,Acre-feet per Year,NA,NA,NA,NA,,0,320,136,,183,183,0.0546448087431694,AF per SS DAY
0,0,0,0,0,0,0,0,0,0,0,0,22729,39.0066,-123.3927,D030774,JEAN  LEAL,Registered,UNST,Robinsons Creek,MENDOCINO COAST,548840,11/1,6/30,NA,NA,10,Acre-feet per Year,NA,NA,NA,NA,,0,306,182,,243,243,0.0411522633744856,AF per SS DAY
0.375,0.375,0.375,0,0,0,0,0,0,0,0.285714285714286,0.428571428571429,27876,39.05810348,-123.51427323,D030778,HENRY E GUNDLING,Registered,UNST,Dago Creek,MENDOCINO COAST,431801,11/1,3/31,NA,NA,10,Acre-feet per Year,NA,NA,NA,NA,,0,306,91,,152,152,0.06578947368421052,AF per SS DAY
0,0,0,0,0,0,0,0,0,0,0,0,33769,39.13318069,-123.50479639,D030784,MICHAEL G APTE,Registered,UNST,Mill Creek,MENDOCINO COAST,500134,11/1,4/30,NA,NA,1.6,Acre-feet per Year,NA,NA,NA,NA,,0,306,121,,182,182,0.008791208791208791,AF per SS DAY
1.4375,1.5,0.75,0.75,0.4375,0.5,0.5625,0.75,0.40625,0,0.571428571428571,1.14285714285714,39673,39.12517748,-123.48750284,D030785,ANITA  HIRSCH,Registered,UNST,Mill Creek,MENDOCINO COAST,543091,11/1,5/1,NA,NA,10,Acre-feet per Year,NA,NA,NA,NA,,0,306,122,,183,183,0.0546448087431694,AF per SS DAY
0,0,0,0,0,0,0,0,0,0,0,0,39672,38.92281939,-123.26390509,D030786,FOGGY HILLS FARM LLC,Registered,UNST,NA,MENDOCINO COAST,488114,10/1,5/31,NA,NA,4.2,Acre-feet per Year,NA,NA,NA,NA,,0,275,152,,244,244,0.01721311475409836,AF per SS DAY
0.166671781478856,0.500005114812189,0.166671781478856,5.11481218921122e-6,5.11481218921122e-6,5.11481218921122e-6,5.11481218921122e-6,5.11481218921122e-6,5.11481218921122e-6,6.13777462705346e-6,0.200006137774627,0.200006137774627,45456,39.09862983,-123.48479573,D030793,WILSON WINES,Registered,UNST,Lazy Creek,MENDOCINO COAST,599096,11/15,3/15,NA,NA,7,Acre-feet per Year,NA,NA,NA,NA,,0,320,75,,122,122,0.05737704918032787,AF per SS DAY
0,0,0,0,0.335,1.2,1.39875,1.01125,0.075,0,0,0,22242,39.03446317,-123.39493512,D030819,CHRIS  TEBBUTT,Registered,UNST,Anderson Creek,MENDOCINO COAST,432066,10/1,5/1,NA,NA,5.2,Acre-feet per Year,NA,NA,NA,NA,,0,275,122,,214,214,0.024299065420560748,AF per SS DAY
0,0,0,0,0.335,1.2,1.39875,1.01125,0.075,0,0,0,22243,39.03365636,-123.3935109,D030819,CHRIS  TEBBUTT,Registered,UNST,Anderson Creek,MENDOCINO COAST,432066,10/1,5/1,NA,NA,5.2,Acre-feet per Year,NA,NA,NA,NA,,0,275,122,,214,214,0.024299065420560748,AF per SS DAY
0,0,0,0,0,0,0,0,0,0,0,0,16971,39.06447204,-123.35954751,D030822,JARED  MEDARIS,Registered,UNST,NA,MENDOCINO COAST,645344,10/1,4/30,NA,NA,10,Acre-feet per Year,NA,NA,NA,NA,,0,275,121,,213,213,0.046948356807511735,AF per SS DAY
0.00573825,0.00573825,0.00573825,0.00573825,7.5e-7,7.5e-7,7.5e-7,7.5e-7,7.5e-7,8.57142857142857e-7,0.006558,0.006558,28415,39.04436911,-123.41608254,D030850,RICHARD  COLTON,Registered,UNST,NA,MENDOCINO COAST,429335,11/1,4/1,NA,NA,1,Acre-feet per Year,NA,NA,NA,NA,,0,306,92,,153,153,0.006535947712418301,AF per SS DAY
0,0,0,0,0,0,0,0,0,0,0,0,34189,39.1084,-123.507,D030862,CLARK-REILLY FAMILY LIMITED PARTNERSHIP  C/O CHRISTINE CLARK,Registered,MILL CREEK,Navarro River,MENDOCINO COAST,432425,NA,NA,1/1,12/31,5,Acre-feet per Year,NA,NA,0-01-01,0-12-31,,366,NA,NA,,0,366,0.01366120218579235,AF per SS DAY
0,0,0,0,0,1.55e-5,1.55e-5,1.55e-5,7.5e-6,0,0,0,11473,38.93423853,-123.29926718,D030883,Alan  Ornbaun,Registered,UNST,NA,MENDOCINO COAST,522710,10/1,9/30,NA,NA,10,Acre-feet per Year,NA,NA,NA,NA,,0,275,274,,366,366,0.0273224043715847,AF per SS DAY
0,0,0,0,0,1.55e-5,1.55e-5,1.55e-5,7.5e-6,0,0,0,11474,38.9356,-123.2998,D030883,Alan  Ornbaun,Registered,ELKINS CREEK,NA,MENDOCINO COAST,522710,10/1,9/30,NA,NA,10,Acre-feet per Year,NA,NA,NA,NA,,0,275,274,,366,366,0.0273224043715847,AF per SS DAY
0,0,0,0,0,1.55e-5,1.55e-5,1.55e-5,7.5e-6,0,0,0,11475,38.93394634,-123.30084398,D030883,Alan  Ornbaun,Registered,UNST,NA,MENDOCINO COAST,522710,10/1,9/30,NA,NA,10,Acre-feet per Year,NA,NA,NA,NA,,0,275,274,,366,366,0.0273224043715847,AF per SS DAY
0,0,0,0,0,1.55e-5,1.55e-5,1.55e-5,7.5e-6,0,0,0,46043,38.934,-123.3017,D030883,Alan  Ornbaun,Registered,UNST,NA,MENDOCINO COAST,522710,10/1,9/30,NA,NA,10,Acre-feet per Year,NA,NA,NA,NA,,0,275,274,,366,366,0.0273224043715847,AF per SS DAY
0.0125,0.0125,0.0125,0,0,0,0,0,0,0,0,0,34277,39.1434,-123.4508,D030887,ANDREW  RUDOVSKY,Registered,UNST,NA,MENDOCINO COAST,429244,10/1,5/31,NA,NA,5,Acre-feet per Year,NA,NA,NA,NA,,0,275,152,,244,244,0.020491803278688523,AF per SS DAY
0,0,0,0,0,0,0,0,0,0,0,0,45998,39.1788,-123.5711,D030888,RANCHO NAVARRO ASSOCIATION INC,Registered,NEEFUS GULCH,NA,MENDOCINO COAST,429827,10/1,4/30,NA,NA,5,Acre-feet per Year,NA,NA,NA,NA,,0,275,121,,213,213,0.023474178403755867,AF per SS DAY
0,0,0,0,0,0,0,0,0,0,1,0.285714285714286,28418,38.98957795,-123.37065356,D030889,PETER R BRADFORD,Registered,MILL CREEK,NA,MENDOCINO COAST,429828,12/15,3/31,NA,NA,9,Acre-feet per Year,NA,NA,NA,NA,,0,350,91,,108,108,0.08333333333333333,AF per SS DAY
0,0,0,0,0,0,0,0,0,0,1,0.285714285714286,28419,38.98914753,-123.37222865,D030889,PETER R BRADFORD,Registered,MILL CREEK,NA,MENDOCINO COAST,429828,12/15,3/31,NA,NA,9,Acre-feet per Year,NA,NA,NA,NA,,0,350,91,,108,108,0.08333333333333333,AF per SS DAY
0.0112526,0.0112526,0.0112526,0.0112526,0.0112526,0.0112526,0.0112526,0.0112526,0.0112526,0.0112526,0.0112526,0.0112526,34235,39.04040532,-123.4145949,D030894,ANDERSON VALLEY PROPERTIES LLC,Registered,UNST,Anderson Creek,MENDOCINO COAST,595033,11/1,5/31,NA,NA,1,Acre-feet per Year,NA,NA,NA,NA,,0,306,152,,213,213,0.004694835680751174,AF per SS DAY
0.350767166666667,0.433947166666667,0.350741666666667,0.1847655,0.1851235,0.0205028333333333,0.0220371666666667,0.0211676666666667,0.0199911666666667,0.0220868,0.1214732,0.2209206,16333,39.06335297,-123.41311545,D030899,SCOTT  PRATT,Registered,UNST,NA,MENDOCINO COAST,610291,10/15,4/30,NA,NA,10,Acre-feet per Year,NA,NA,NA,NA,,0,289,121,,199,199,0.05025125628140704,AF per SS DAY
0.350767166666667,0.433947166666667,0.350741666666667,0.1847655,0.1851235,0.0205028333333333,0.0220371666666667,0.0211676666666667,0.0199911666666667,0.0220868,0.1214732,0.2209206,28533,39.06239634,-123.41274415,D030899,SCOTT  PRATT,Registered,UNST,NA,MENDOCINO COAST,610291,10/15,4/30,NA,NA,10,Acre-feet per Year,NA,NA,NA,NA,,0,289,121,,199,199,0.05025125628140704,AF per SS DAY
0,0,0,0,0,0,0,0,0,0,0,0,33777,39.08626625,-123.3327078,D030900,LARRY R VENTURI,Registered,UNST,NA,MENDOCINO COAST,427699,12/1,5/31,NA,NA,1,Acre-feet per Year,NA,NA,NA,NA,,0,336,152,,183,183,0.00546448087431694,AF per SS DAY
9.97e-4,9.97e-4,9.97e-4,5.75375e-4,0.001725875,0.001725875,0.001725875,0.00191775,0.00191775,7.89e-4,0.00144614285714286,0.00144614285714286,11476,39.06841634,-123.47010734,D030902,Kathryn  W Russell,Registered,UNST,NA,MENDOCINO COAST,546026,11/1,3/30,NA,NA,6,Acre-feet per Year,NA,NA,NA,NA,,0,306,90,,151,151,0.039735099337748346,AF per SS DAY
0.0375,0.0375,0,0,0,0,0,0,0,0,0,0,40157,39.1381,-123.4569,D030903,DANIEL  IMHOFF,Registered,UNNAMED STREAM,UNNAMED STREAM,MENDOCINO COAST,429337,10/1,4/30,NA,NA,1.5,Acre-feet per Year,NA,NA,NA,NA,,0,275,121,,213,213,0.007042253521126761,AF per SS DAY
3.07e-4,3.07e-4,3.07e-4,3.07e-4,3.07e-4,6.14e-4,6.14e-4,6.14e-4,5.526e-4,3.8375e-4,3.07e-4,3.07e-4,33575,39.1257,-123.5378,D030905,RONALD M COOK,Registered,UNST,NA,MENDOCINO COAST,574822,10/1,4/30,NA,NA,8.5,Acre-feet per Year,NA,NA,NA,NA,,0,275,121,,213,213,0.03990610328638498,AF per SS DAY
3.07e-4,3.07e-4,3.07e-4,3.07e-4,3.07e-4,6.14e-4,6.14e-4,6.14e-4,5.526e-4,3.8375e-4,3.07e-4,3.07e-4,46008,39.1248,-123.5376,D030905,RONALD M COOK,Registered,UNST,NA,MENDOCINO COAST,574822,10/1,4/30,NA,NA,8.5,Acre-feet per Year,NA,NA,NA,NA,,0,275,121,,213,213,0.03990610328638498,AF per SS DAY
3.07e-4,3.07e-4,3.07e-4,3.07e-4,3.07e-4,6.14e-4,6.14e-4,6.14e-4,5.526e-4,3.8375e-4,3.07e-4,3.07e-4,46009,39.1254,-123.5363,D030905,RONALD M COOK,Registered,UNST,NA,MENDOCINO COAST,574822,10/1,4/30,NA,NA,8.5,Acre-feet per Year,NA,NA,NA,NA,,0,275,121,,213,213,0.03990610328638498,AF per SS DAY
0.13459025,0.132288625,0.13113775,0.001150875,0,0,0,0,0,0.00438414285714286,0.00657614285714286,0.0131524285714286,5677,39.10817812,-123.43039901,D030906,WEBB L HARPE TIMBER FARM LLC,Registered,UNST,NA,MENDOCINO COAST,564024,12/1,5/30,NA,NA,6.4,Acre-feet per Year,NA,NA,NA,NA,,0,336,151,,182,182,0.035164835164835165,AF per SS DAY
0.13459025,0.132288625,0.13113775,0.001150875,0,0,0,0,0,0.00438414285714286,0.00657614285714286,0.0131524285714286,11525,39.10586397,-123.4174878,D030906,WEBB L HARPE TIMBER FARM LLC,Registered,UNST,NA,MENDOCINO COAST,564024,12/1,5/30,NA,NA,6.4,Acre-feet per Year,NA,NA,NA,NA,,0,336,151,,182,182,0.035164835164835165,AF per SS DAY
0.13459025,0.132288625,0.13113775,0.001150875,0,0,0,0,0,0.00438414285714286,0.00657614285714286,0.0131524285714286,22741,39.10905126,-123.42636325,D030906,WEBB L HARPE TIMBER FARM LLC,Registered,UNST,NA,MENDOCINO COAST,564024,12/1,5/30,NA,NA,6.4,Acre-feet per Year,NA,NA,NA,NA,,0,336,151,,182,182,0.035164835164835165,AF per SS DAY
0.13459025,0.132288625,0.13113775,0.001150875,0,0,0,0,0,0.00438414285714286,0.00657614285714286,0.0131524285714286,22742,39.10596488,-123.42048566,D030906,WEBB L HARPE TIMBER FARM LLC,Registered,UNST,NA,MENDOCINO COAST,564024,12/1,5/30,NA,NA,6.4,Acre-feet per Year,NA,NA,NA,NA,,0,336,151,,182,182,0.035164835164835165,AF per SS DAY
0.13459025,0.132288625,0.13113775,0.001150875,0,0,0,0,0,0.00438414285714286,0.00657614285714286,0.0131524285714286,46037,39.1056013,-123.43898203,D030906,WEBB L HARPE TIMBER FARM LLC,Registered,UNST,NA,MENDOCINO COAST,564024,12/1,5/30,NA,NA,6.4,Acre-feet per Year,NA,NA,NA,NA,,0,336,151,,182,182,0.035164835164835165,AF per SS DAY
0.5,0.25,0.5,0.125,0,0,0,0,0,0,0.142857142857143,0.714285714285714,11526,39.00283947,-123.37548487,D030907,ELIZABETH DUSENBERRY TRUST,Registered,UNST,NA,MENDOCINO COAST,435211,10/1,5/31,NA,NA,5,Acre-feet per Year,NA,NA,NA,NA,,0,275,152,,244,244,0.020491803278688523,AF per SS DAY
1.16875,0.3875,0.1625,0.0625,0,0,0,0,0,0,0.0757142857142857,0.321428571428571,28465,39.1356,-123.4679,D030908,NORMAN J KOBLER,Registered,UNST,NA,MENDOCINO COAST,430628,11/1,4/1,NA,NA,3.5,Acre-feet per Year,NA,NA,NA,NA,,0,306,92,,153,153,0.02287581699346405,AF per SS DAY
0.6233678125,0,0,0.006137625,0.012659225,0.012659225,0.012659225,0.012659225,0.012659225,0,0,0.431397928571429,22744,39.14828637,-123.53736225,D030909,DONALD E R SHANLEY,Registered,SURRENDER CREEK,NA,MENDOCINO COAST,430120,10/30,6/1,NA,NA,10,Acre-feet per Year,NA,NA,NA,NA,,0,304,153,,216,216,0.046296296296296294,AF per SS DAY
0.04994425,0.0485135,0.04857775,0.049173875,0.049257625,0.04797775,0.049418,0.048665125,0.048317625,0.0484968571428571,0.0480088571428571,0.0480948571428571,40101,39.1088993,-123.51483024,D030917,ANDRES  FAVELA,Registered,UNST,NA,MENDOCINO COAST,568239,11/1,6/1,NA,NA,9.8,Acre-feet per Year,NA,NA,NA,NA,,0,306,153,,214,214,0.04579439252336449,AF per SS DAY
0.00115,0.00115,0.00115,0.00115,0.00115,0.00115,0.00115,0.00115,0.00115,0.00131428571428571,0.00131428571428571,0.00131428571428571,45938,39.10579458,-123.51071055,D030918,ANDRES  FAVELA,Registered,UNST,NA,MENDOCINO COAST,568239,11/1,6/1,NA,NA,8,Acre-feet per Year,NA,NA,NA,NA,,0,306,153,,214,214,0.037383177570093455,AF per SS DAY
0,0,0,0,0,0,0,0,0,0,0,0,28469,39.08250534,-123.49594415,D030937,MENDOCINO REDWOOD COMPANY LLC,Registered,UNST,NA,MENDOCINO COAST,430117,10/1,4/30,NA,NA,9.2,Acre-feet per Year,NA,NA,NA,NA,,0,275,121,,213,213,0.04319248826291079,AF per SS DAY
0.0375,0.0375,0.0375,0.1375,0.1875,0.1875,0.1875,0.1875,0.1875,0.142857142857143,0.0857142857142857,0.0857142857142857,4996,39.01819,-123.2902,D030938,NICOLA  MINER,Registered,UNST,NA,MENDOCINO COAST,432870,12/15,3/31,NA,NA,10,Acre-feet per Year,NA,NA,NA,NA,,0,350,91,,108,108,0.09259259259259259,AF per SS DAY
0.0375,0.0375,0.0375,0.1375,0.1875,0.1875,0.1875,0.1875,0.1875,0.142857142857143,0.0857142857142857,0.0857142857142857,17097,39.01822955,-123.29024486,D030938,NICOLA  MINER,Registered,UNST,NA,MENDOCINO COAST,432870,12/15,3/31,NA,NA,10,Acre-feet per Year,NA,NA,NA,NA,,0,350,91,,108,108,0.09259259259259259,AF per SS DAY
0.0375,0.0375,0.0375,0.1375,0.1875,0.1875,0.1875,0.1875,0.1875,0.142857142857143,0.0857142857142857,0.0857142857142857,45355,39.00789552,-123.28108211,D030938,NICOLA  MINER,Registered,UNST,NA,MENDOCINO COAST,432870,12/15,3/31,NA,NA,10,Acre-feet per Year,NA,NA,NA,NA,,0,350,91,,108,108,0.09259259259259259,AF per SS DAY
0,0.0103575,0.0103575,0.0103575,0,0,0.00173125,0.00172625,0,0,0,0.0034525,28490,38.94271036,-123.25459969,D030939,James O Judd Jr Successor Trustee,Registered,UNSP,NA,MENDOCINO COAST,520247,11/1,4/30,NA,NA,10,Acre-feet per Year,NA,NA,NA,NA,,0,306,121,,182,182,0.054945054945054944,AF per SS DAY
0.015191,0.015191,0.015766375,0.01595825,0.01457725,0.01457725,0.01457725,0.01381,0.01381,0.0157828571428571,0.00157828571428571,0.0173611428571429,5687,39.14588907,-123.48917225,D030940,JUDY  NELSON,Registered,UNSP,NA,MENDOCINO COAST,430621,11/1,5/1,NA,NA,7,Acre-feet per Year,NA,NA,NA,NA,,0,306,122,,183,183,0.03825136612021858,AF per SS DAY
0.08175,0.08175,0.08175,0.082125,0.0385,0.00125,0.0025,0.0025,0.0025,0.03,0.0457142857142857,0.0657142857142857,28487,38.92631765,-123.30773534,D030943,PETER G HANELT,Registered,UNSP,NA,MENDOCINO COAST,430360,11/1,4/30,6/1,11/1,2.3,Acre-feet per Year,NA,NA,0-06-01,0-11-01,,154,306,121,,182,335,0.006865671641791044,AF per SS DAY
0,0,0,0,0,0,0,0,0,0,0,0,16392,39.08523043,-123.43187378,D030953,MENDOCINO LAKE CLUBHOUSE,Registered,UNST,NA,MENDOCINO COAST,430100,10/1,6/1,NA,NA,10,Acre-feet per Year,NA,NA,NA,NA,,0,275,153,,245,245,0.04081632653061224,AF per SS DAY
0,0,0,0,0,0,0,0,0,0,0,0,22110,39.09293782,-123.44154398,D030953,MENDOCINO LAKE CLUBHOUSE,Registered,UNST,NA,MENDOCINO COAST,430100,10/1,6/1,NA,NA,10,Acre-feet per Year,NA,NA,NA,NA,,0,275,153,,245,245,0.04081632653061224,AF per SS DAY
0,0,0,0,0,0,0,0,0,0,0,0,45360,39.08921124,-123.43195421,D030953,MENDOCINO LAKE CLUBHOUSE,Registered,UNST,NA,MENDOCINO COAST,430100,10/1,6/1,NA,NA,10,Acre-feet per Year,NA,NA,NA,NA,,0,275,153,,245,245,0.04081632653061224,AF per SS DAY
0,0,0,0,0,0,0,0,0,0,0,0,46039,39.08383311,-123.4338539,D030953,MENDOCINO LAKE CLUBHOUSE,Registered,UNST,NA,MENDOCINO COAST,430100,10/1,6/1,NA,NA,10,Acre-feet per Year,NA,NA,NA,NA,,0,275,153,,245,245,0.04081632653061224,AF per SS DAY
0.0625,0.0625,0.0625,0.0625,0.0625,0.06326725,0.063650875,0.0515345,0.0515345,0.0231822857142857,0.0142857142857143,0.0214285714285714,39463,39.15234515,-123.52075743,D030957,KYLE  RAND,Registered,UNST,NA,MENDOCINO COAST,612121,10/1,4/30,NA,NA,10,Acre-feet per Year,NA,NA,NA,NA,,0,275,121,,213,213,0.046948356807511735,AF per SS DAY
0,0,0,0,0,0,0,0,0,0,0,0,45362,39.15159141,-123.5155673,D031000,LESLEY ANNE MONTESI RENNA,Registered,UNSP,NA,MENDOCINO COAST,584753,11/1,5/31,NA,NA,7,Acre-feet per Year,NA,NA,NA,NA,,0,306,152,,213,213,0.03286384976525822,AF per SS DAY
0,0,0,0,0,0,0,0,0,0,0,0,5099,39.12763594,-123.50994244,D031062,JULIANA   ROMANI,Registered,UNST,NA,MENDOCINO COAST,607494,10/1,3/31,NA,NA,2,Acre-feet per Year,NA,NA,NA,NA,,0,275,91,,183,183,0.01092896174863388,AF per SS DAY
0,0,0,0,0,0,0,0,0,0,0,0,39840,39.2283772,-123.52778004,D031172,LFB & A LLC,Registered,UNST,NA,MENDOCINO COAST,642076,12/1,4/30,NA,NA,6,Acre-feet per Year,NA,NA,NA,NA,,0,336,121,,152,152,0.039473684210526314,AF per SS DAY
0.00978175,0.00978175,0.00978175,0.00978175,0.00978175,0.00978175,0.00978175,0.00978175,0.00978175,0.0438395714285714,0.0438395714285714,0.0438395714285714,16757,39.22707662,-123.52727884,D031211,MARK W WEIR,Registered,UNST,NA,MENDOCINO COAST,428676,12/1,4/30,NA,NA,8,Acre-feet per Year,NA,NA,NA,NA,,0,336,121,,152,152,0.05263157894736842,AF per SS DAY
0,0,0,0,0.03375,0.26125,0.2475,0.03375,0,0,0,0,33996,39.03428208,-123.39767789,D031301,YGGDRASIL LAND FOUNDATION INC,Registered,ANDERSON CREEK UNDERFOW,NA,MENDOCINO COAST,432653,10/1,4/30,NA,NA,6,Acre-feet per Year,NA,NA,NA,NA,,0,275,121,,213,213,0.028169014084507043,AF per SS DAY
0,0,0,0,0,0,0,0,0,0,0,0.5,28550,39.04643087,-123.44059854,D031590,ROLAND  WENTZEL,Registered,UNST,NA,MENDOCINO COAST,636691,12/15,3/31,NA,NA,1.2,Acre-feet per Year,NA,NA,NA,NA,,0,350,91,,108,108,0.011111111111111112,AF per SS DAY
0.6875,0,0,0,0,0,0,0,0,0,0.214285714285714,0.642857142857143,22876,39.11217119,-123.5242413,L031663,ANDERSON VINEYARDS INC,Registered,UNST,Navarro River,MENDOCINO COAST,416492,10/15,5/15,NA,NA,9.5,Acre-feet per Year,NA,NA,NA,NA,,0,289,136,,214,214,0.04439252336448598,AF per SS DAY
0,0,0,0,0,0,0,0,0,0,0,0,31212,39.1562,-123.6407,S008637,CALIF DEPT OF PARKS & RECREATION,Claimed,UNST,NA,MENDOCINO COAST,401282,NA,NA,5/1,12/31,0,Acre-feet per Year,1.4534,Acre-feet,0-05-01,0-12-31,,245,NA,NA,,0,245,0,AF per SS DAY
3.25,0.714285714285714,0,0,0,0,0,0,0,0,1.5,3.41666666666667,27632,39.11092185,-123.48561733,S008688,MARGARET  ORDWAY,Claimed,LAZY CREEK,NA,MENDOCINO COAST,641840,NA,NA,4/1,8/31,0,Acre-feet per Year,241.9496,Acre-feet,0-04-01,0-08-31,,153,NA,NA,,0,153,0,AF per SS DAY
3.25,0.714285714285714,0,0,0,0,0,0,0,0,1.5,3.41666666666667,27633,39.11092185,-123.48561733,S008688,MARGARET  ORDWAY,Claimed,LAZY CREEK,NA,MENDOCINO COAST,641840,NA,NA,4/1,8/31,0,Acre-feet per Year,241.9496,Acre-feet,0-04-01,0-08-31,,153,NA,NA,,0,153,0,AF per SS DAY
0.017025625,0.018627,0.026721625,0.015151375,0.009705,0.00321275,7.71e-4,6.00375e-4,3.875e-4,2.8485714285714e-4,0,0.00457142857142857,37789,39.11462742,-123.50719761,S013216,PAMELA  LAIRD,Claimed,MILL CREEK,NA,MENDOCINO COAST,438413,NA,NA,5/1,12/31,0,Acre-feet per Year,5.6007,Acre-feet,0-05-01,0-12-31,,245,NA,NA,,0,245,0,AF per SS DAY
0.35125,0.34125,0.4175,0.475,0.6125,2.325,0.7125,0.6375,0.625,0.357142857142857,0.271428571428571,0.414285714285714,43788,39.07430918,-123.42672104,S013747,MARVIN  DUTRA,Claimed,INDIAN CREEK,NA,MENDOCINO COAST,415467,NA,NA,1/1,12/31,0,Acre-feet per Year,11.2282,Acre-feet,0-01-01,0-12-31,,366,NA,NA,,0,366,0,AF per SS DAY
0,0,0,0.08,1.6625,5.50625,6.25375,5.32875,3.535,0.83,0,0,3473,39.08472159,-123.48365868,S013771,"BATES & SCHMITT, GENERAL PARTNERS",Claimed,NAVARRO RIVER,NA,MENDOCINO COAST,415485,NA,NA,4/1,10/31,0,Acre-feet per Year,30.4248,Acre-feet,0-04-01,0-10-31,,214,NA,NA,,0,214,0,AF per SS DAY
0.09,0.09,0.09,0.09,1.57,1.57,1.57,1.57,1.57,0.09,0.09,0.09,44762,39.0977,-123.4698,S013939,NAVARRO RANCH LLC,Claimed,UNST,NA,MENDOCINO COAST,478877,NA,NA,1/1,12/31,0,Acre-feet per Year,8.4941,Acre-feet,0-01-01,0-12-31,,366,NA,NA,,0,366,0,AF per SS DAY
0.146,0.146,0.146,0.146,1.629,1.629,1.629,1.629,1.629,0.146,0.146,0.146,3527,39.0971,-123.4813,S013940,NAVARRO RANCH LLC,Claimed,UNST,NA,MENDOCINO COAST,478877,NA,NA,3/15,5/15,0,Acre-feet per Year,9.1679,Acre-feet,0-03-15,0-05-15,,62,NA,NA,,0,62,0,AF per SS DAY
0.056664625,0.05224975,0.065843,0.109100375,0.142058625,0.135202375,0.147779625,0.166740125,0.124805875,0.0763372857142857,0.04983,0.042514,4758,39.05842879,-123.44524503,S014234,GERALD   JOHNS,Claimed,UNSP,NA,MENDOCINO COAST,539507,NA,NA,1/1,12/31,0,Acre-feet per Year,15.9368,Acre-feet,0-01-01,0-12-31,,366,NA,NA,,0,366,0,AF per SS DAY
0,0,0,0,0,0,0,0,0,0,0,0,44714,38.91374785,-123.26479822,S014395,JANICE  PRONSOLINO-BROWN,Claimed,RANCHERIA CREEK,NA,MENDOCINO COAST,537176,NA,NA,5/1,11/30,0,Acre-feet per Year,0,Acre-feet,0-05-01,0-11-30,,214,NA,NA,,0,214,0,AF per SS DAY
0.003836125,1.128836125,0.003836125,0.008987625,0.009754875,0.012302,0.026250125,0.026250125,0.026250125,0.0168477142857143,0.008172,0.00438414285714286,16429,39.07099754,-123.51525327,S014949,ANGELO  PRONSOLINO,Claimed,UNSP,NA,MENDOCINO COAST,402359,NA,NA,4/1,10/31,0,Acre-feet per Year,8.065,Acre-feet,0-04-01,0-10-31,,214,NA,NA,,0,214,0,AF per SS DAY
4.94e-4,5.49e-4,4.94e-4,5.13e-4,4.94e-4,5.13e-4,4.94e-4,4.94e-4,5.13e-4,4.94e-4,5.13e-4,4.94e-4,5038,39.0064,-123.3946,S014958,JEAN  LEAL,Claimed,UNST,Robinson Creek,MENDOCINO COAST,548840,NA,NA,1/1,12/31,0,Acre-feet per Year,4.0325,Acre-feet,0-01-01,0-12-31,,366,NA,NA,,0,366,0,AF per SS DAY
0.324672218283817,0.481843054570954,0.339008610914191,0.013125,0,0,0.125,0.125,0.125,0.004,0.00528571428571429,0.0191428571428571,16592,39.1398,-123.5236,S015014,HALLOMAS INC,Claimed,UNNAMED STREAM,MEYER GULCH,MENDOCINO COAST,425641,NA,NA,4/1,12/31,0,Acre-feet per Year,0.0046,Acre-feet,0-04-01,0-12-31,,275,NA,NA,,0,275,0,AF per SS DAY
0.8980477273355,0.00191805457095421,0.00695831837250768,0.00403213431905994,0,0,0,0,0,0.0714285714285714,0.00496019872360593,0.119815608097829,39835,39.03264346,-123.33927015,S015096,WILLIAM C MEYER,Claimed,UNST,NA,MENDOCINO COAST,426417,NA,NA,5/1,10/31,0,Acre-feet per Year,5.55,Acre-feet,0-05-01,0-10-31,,184,NA,NA,,0,184,0,AF per SS DAY
0,0,0,0,0.5,1,1,1,0.5,0,0,0,16697,38.94940752,-123.32996383,S015098,JASON  PATTEN,Claimed,RANCHERIA CREEK,NA,MENDOCINO COAST,631297,NA,NA,5/1,10/31,0,Acre-feet per Year,40.2042,Acre-feet,0-05-01,0-10-31,,184,NA,NA,,0,184,0,AF per SS DAY
0,0,0,0,0,0,0,0,0,0,0,0,45713,39.09679656,-123.4952701,S015103,"JACKSON FAMILY INVESTMENTS III, LLC",Claimed,NAVARRO RIVER,NA,MENDOCINO COAST,548060,NA,NA,5/1,10/31,0,Acre-feet per Year,119.526,Acre-feet,0-05-01,0-10-31,,184,NA,NA,,0,184,0,AF per SS DAY
0,0,0,0,0,0,0,0,0,0,0,0,11214,39.0329,-123.3843,S015116,JAN  WASSON-SMITH,Claimed,CON CREEK,ANDERSON CREEK,MENDOCINO COAST,645306,NA,NA,4/1,9/30,0,Acre-feet per Year,120.9748,Acre-feet,0-04-01,0-09-30,,183,NA,NA,,0,183,0,AF per SS DAY
0.00118925,0.001074125,0.003683,0.003644625,0.00843975,0.008247875,0.005946,0.005946,0.005754125,0.00135914285714286,0.00131528571428571,0.00135914285714286,16838,39.13290197,-123.45821175,S015132,William C Seekins,Claimed,UNST,NA,MENDOCINO COAST,429196,NA,NA,1/1,12/31,0,Acre-feet per Year,242.674,Acre-feet,0-01-01,0-12-31,,366,NA,NA,,0,366,0,AF per SS DAY
0,0,0,0,0.0125,0.5875,1.475,1.6625,2.6875,0.442857142857143,0.214285714285714,0.0571428571428571,22602,39.05227995,-123.44283049,S015183,ROLAND  WENTZEL,Claimed,RANCHERIA CREEK,NA,MENDOCINO COAST,636691,NA,NA,3/1,5/31,0,Acre-feet per Year,39.842,Acre-feet,0-03-01,0-05-31,,92,NA,NA,,0,92,0,AF per SS DAY
0,0,0,0,0,0,0,0,0,0,0,0,22611,39.10028044,-123.49103304,S015212,MARGARET  ORDWAY,Claimed,UNST,NA,MENDOCINO COAST,641840,11/1,5/30,3/1,5/15,0,Acre-feet per Year,362.2,Acre-feet,0-03-01,0-05-15,,76,306,151,,212,212,0,AF per SS DAY
0,0,0,0,0,0,0,0,0,0,0,0,16950,39.105458,-123.48338804,S015213,MARGARET  ORDWAY,Claimed,UNST,NA,MENDOCINO COAST,641840,NA,NA,3/1,5/15,0,Acre-feet per Year,7.244,Acre-feet,0-03-01,0-05-15,,76,NA,NA,,0,76,0,AF per SS DAY
0.2925,0.41875,0.395,0.66875,0.75375,0.345,0.13125,0.03,0.04,0,0,0.0457142857142857,34204,39.00605934,-123.35847765,S015235,WILLIAM CHARLES TRUST,Claimed,ANDERSON CREEK,NA,MENDOCINO COAST,432293,NA,NA,5/15,10/31,0,Acre-feet per Year,239.052,Acre-feet,0-05-15,0-10-31,,170,NA,NA,,0,170,0,AF per SS DAY
0,0,0,0,0,0,0,0,0,0,0,0,5647,39.11083995,-123.48579538,S015268,MARGARET  ORDWAY,Claimed,LAZY CREEK,NA,MENDOCINO COAST,641840,NA,NA,3/1,6/30,0,Acre-feet per Year,4817.26,Acre-feet,0-03-01,0-06-30,,122,NA,NA,,0,122,0,AF per SS DAY
0,0,0,0,0,0,0,0,0,0,0,0,28494,39.038596,-123.404443,S015289,"Cakebread Properties #14, LP",Claimed,ANDERSON CREEK,Navarro River,MENDOCINO COAST,536945,NA,NA,3/1,9/30,0,Acre-feet per Year,362.2,Acre-feet,0-03-01,0-09-30,,214,NA,NA,,0,214,0,AF per SS DAY
0,0,0,0,0,0,0,0,0,0,0,0,46061,39.04006374,-123.40877805,S015290,"Cakebread Properties #14, LP",Claimed,ANDERSON CREEK,NA,MENDOCINO COAST,536945,NA,NA,3/1,9/30,0,Acre-feet per Year,1629.9,Acre-feet,0-03-01,0-09-30,,214,NA,NA,,0,214,0,AF per SS DAY
0,0,0,0,0,0,0,0,0,0,0,0,22753,39.04167698,-123.41162715,S015291,"Cakebread Properties #14, LP",Claimed,ANDERSON CREEK,NA,MENDOCINO COAST,536945,NA,NA,3/1,9/30,0,Acre-feet per Year,434.64,Acre-feet,0-03-01,0-09-30,,214,NA,NA,,0,214,0,AF per SS DAY
0,0,0.5525,0.3625,0,0,0,0,0,0,0,0,34291,39.02154581,-123.3726793,S015306,ANDERSON VINEYARDS INC,Claimed,UNST,NA,MENDOCINO COAST,416492,NA,NA,3/1,5/31,0,Acre-feet per Year,90.55,Acre-feet,0-03-01,0-05-31,,92,NA,NA,,0,92,0,AF per SS DAY
0,0,0,0.1925,2.11375,4.03625,4.985,3.64,0.4,0,0,0,39646,39.03515407,-123.39938866,S015433,YGGDRASIL LAND FOUNDATION INC,Claimed,ANDERSON CREEK,NAVARRO RIVER,MENDOCINO COAST,432653,NA,NA,3/1,5/15,0,Acre-feet per Year,25.354,Acre-feet,0-03-01,0-05-15,,76,NA,NA,,0,76,0,AF per SS DAY
0,0,0,0.2275,1.56875,3.10375,3.3175,1.605,0,0,0,0,39647,39.03628772,-123.39942864,S015434,YGGDRASIL LAND FOUNDATION INC,Claimed,ANDERSON CREEK,NA,MENDOCINO COAST,432653,NA,NA,3/1,5/15,0,Acre-feet per Year,25.354,Acre-feet,0-03-01,0-05-15,,76,NA,NA,,0,76,0,AF per SS DAY
0,0,0,0,0,0,0,0,0,0,0,0,5797,39.09998205,-123.50317847,S016035,VIRIDIAN ANDERSON VALLEY LLC,Claimed,NAVARRO RIVER,NA,MENDOCINO COAST,635146,NA,NA,7/1,9/30,0,Acre-feet per Year,44.5506,Acre-feet,0-07-01,0-09-30,,92,NA,NA,,0,92,0,AF per SS DAY
0.43731675,0.448825125,0.448825125,0.283872,0.29538,0.29538,0.210985625,0.128509375,0.128509375,0.114864142857143,0.177118571428571,0.329686571428571,28601,38.92209341,-123.22909047,S016036,ELIOT  HOLTZMAN,Claimed,UNSP,NA,MENDOCINO COAST,546420,NA,NA,1/1,12/31,0,Acre-feet per Year,8.6928,Acre-feet,0-01-01,0-12-31,,366,NA,NA,,0,366,0,AF per SS DAY
0.2639245,0.321975125,0.2713385,0.172366625,0.180296875,0.1799525,0.126815875,0.077330125,0.079830125,0.0640082857142857,0.0929434285714286,0.169227428571429,46601,38.92245922,-123.22933403,D031685,ELIOT  HOLTZMAN,Registered,UNNAMED SPRING,BEEBE CREEK,MENDOCINO COAST,546420,1/1,12/31,1/1,12/31,7,Acre-feet per Year,NA,NA,0-01-01,0-12-31,,366,1,366,,366,366,0.01912568306010929,AF per SS DAY
0.2639245,0.321975125,0.2713385,0.172366625,0.180296875,0.1799525,0.126815875,0.077330125,0.079830125,0.0640082857142857,0.0929434285714286,0.169227428571429,46745,38.92231064,-123.22954759,D031685,ELIOT  HOLTZMAN,Registered,UNNAMED STREAM,BEEBE CREEK,MENDOCINO COAST,546420,1/1,12/31,1/1,12/31,7,Acre-feet per Year,NA,NA,0-01-01,0-12-31,,366,1,366,,366,366,0.01912568306010929,AF per SS DAY
1.35,0.0714282857142857,0.249999714285714,0.142857142857143,0,0,0,0,0,0.0833333333333333,0.175,0.541666666666667,46681,39.03262868,-123.33928784,D031690,WILLIAM  C MEYER,Registered,UNNAMED STREAM,CON CREEK,MENDOCINO COAST,453724,11/1,5/1,NA,NA,6,Acre-feet per Year,NA,NA,NA,NA,,0,306,122,,183,183,0.03278688524590164,AF per SS DAY
0,0,0,0,0.5,0.5,1,1.5,0.5,0,0,0,53637,38.94858604,-123.33852907,D031905,GROUNDSWELL LAND GUARDIANSHIP LLC,Registered,Unnamed Drainage,Rancheria Creek,MENDOCINO COAST,560496,1/1,12/31,NA,NA,4,Acre-feet per Year,NA,NA,NA,NA,,0,1,366,,366,366,0.01092896174863388,AF per SS DAY
0,0,0,0,0,0,0,0,0,0,0,0,63019,39.13200924,-123.48293312,D032190,MICHAEL  CROFT,Registered,UNNAMED STREAM,Mill Creek,MENDOCINO COAST,542393,12/1,3/31,NA,NA,8,Acre-feet per Year,NA,NA,NA,NA,,0,336,91,,122,122,0.06557377049180328,AF per SS DAY
0,0,0,0,3.53,5.32375,2.01125,0.175,0,0,0,0,60973,39.0923,-123.4911,A018052A,BARBARA R BANKE,Licensed,NAVARRO RIVER,PACIFIC OCEAN,MENDOCINO COAST,431702,NA,NA,5/15,10/15,30,Acre-feet per Year,NA,NA,0-05-15,0-10-15,,154,NA,NA,,0,154,0.19480519480519481,AF per SS DAY
0,0,0,0,0.75,0,1.21875,0.25875,0,0,0,0,60975,39.0887,-123.4891,A018052B,LMR WINE ESTATES LLC,Licensed,NAVARRO RIVER,PACIFIC OCEAN,MENDOCINO COAST,553809,NA,NA,5/15,10/15,30,Acre-feet per Year,NA,NA,0-05-15,0-10-15,,154,NA,NA,,0,154,0.19480519480519481,AF per SS DAY
0.571428571428571,0.571428571428571,0.571428571428571,0.285714285714286,0,0,0,0,0,0,0,0.233333333333333,66964,38.8435,-123.2322,D032230,SCOTT  BRIDGES,Registered,UNNAMED STREAM,Rancheria Creek,MENDOCINO COAST,542547,10/1,4/30,NA,NA,7.8,Acre-feet per Year,NA,NA,NA,NA,,0,275,121,,213,213,0.036619718309859155,AF per SS DAY
0.6625,0.0125,0.025,0,0,0,0,0,0,0.185714285714286,0.3,1.07142857142857,66998,39.1899,-123.6676,D032247,HOLIDAY  PHELAN-JOHNSON,Registered,UNNAMED STREAM,Barton Gulch,MENDOCINO COAST,546302,1/1,12/31,NA,NA,3,Acre-feet per Year,NA,NA,NA,NA,,0,1,366,,366,366,0.00819672131147541,AF per SS DAY
7.085,0.335,3.68875,0,0,0,0,0,0,0,0,1.95285714285714,64345,39.0048,-123.3533,H032349,V SATTUI WINERY,Registered,ANDERSON CREEK,NAVARRO RIVER,MENDOCINO COAST,426372,12/15,3/31,NA,NA,20,Acre-feet per Year,NA,NA,NA,NA,,0,350,91,,108,108,0.18518518518518517,AF per SS DAY
2.8875,0.2875,0.575,0.1375,0.0625,0,0,0,0,0.314285714285714,0.428571428571429,1.9,65588,39.1474,-123.5465,H032565,"Ardzrooni Vineyard Management, LLC",Registered,UNNAMED STREAM,Perry Gulch,MENDOCINO COAST,529876,11/1,5/31,NA,NA,12,Acre-feet per Year,NA,NA,NA,NA,,0,306,152,,213,213,0.056338028169014086,AF per SS DAY
2.8875,0.2875,0.575,0.1375,0.0625,0,0,0,0,0.314285714285714,0.428571428571429,1.9,65589,39.1508,-123.5494,H032565,"Ardzrooni Vineyard Management, LLC",Registered,UNNAMED STREAM,Perry Gulch,MENDOCINO COAST,529876,11/1,5/31,NA,NA,12,Acre-feet per Year,NA,NA,NA,NA,,0,306,152,,213,213,0.056338028169014086,AF per SS DAY
2.8875,0.2875,0.575,0.1375,0.0625,0,0,0,0,0.314285714285714,0.428571428571429,1.9,65590,39.1481,-123.5498,H032565,"Ardzrooni Vineyard Management, LLC",Registered,UNNAMED STREAM,Perry Gulch,MENDOCINO COAST,529876,11/1,5/31,NA,NA,12,Acre-feet per Year,NA,NA,NA,NA,,0,306,152,,213,213,0.056338028169014086,AF per SS DAY
0,0,0,0,0,0,0,0,0,0,0,0,69206,39.069716,-123.393341,D032622,EMERALD EARTH SANCTUARY,Revoked,Unnamed Drainage,Parkinsons Gulch,MENDOCINO COAST,432787,12/15,4/15,5/15,10/15,4.8,Acre-feet per Year,NA,NA,0-05-15,0-10-15,,154,350,106,,123,277,0.017328519855595668,AF per SS DAY
0,0,0,0,0,0,0,0,0,0,0,0,69638,39.068436,-123.389264,D032622,EMERALD EARTH SANCTUARY,Revoked,Unnamed Drainage,Private Well,MENDOCINO COAST,432787,12/15,4/15,5/15,10/15,4.8,Acre-feet per Year,NA,NA,0-05-15,0-10-15,,154,350,106,,123,277,0.017328519855595668,AF per SS DAY
9.645,0.0265,2.20175,0,0,0,0,0,0,0,0,7.73965,66221,39.06219949,-123.43442902,A032696,ANDERSON VINEYARDS INC,Permitted,INDIAN CREEK,Navarro,MENDOCINO COAST,416492,NA,NA,11/1,5/31,50,Acre-feet per Year,NA,NA,0-11-01,0-05-31,,213,NA,NA,,0,213,0.2347417840375587,AF per SS DAY
0.016879,0.016879,0.016879,0.016879,0.0309448333333333,0,0,0,0,0,0.016879,0.016879,69983,39.19125786,-123.60313633,D032706,BIAS  BERKICH,Registered,FLYNN CREEK,North Fork Navarro River,MENDOCINO COAST,557282,11/1,5/30,NA,NA,1.2,Acre-feet per Year,NA,NA,NA,NA,,0,306,151,,212,212,0.005660377358490566,AF per SS DAY
0.58,0,0,0,0,0,0,0,0,0,0,0,70652,39.190743,-123.583652,D032781,MICHAEL  D  LUPARELLO,Registered,UNNAMED SEASONAL CREEK,North Fork Navarro River,MENDOCINO COAST,583620,10/1,5/1,NA,NA,0.58,Acre-feet per Year,NA,NA,NA,NA,,0,275,122,,214,214,0.0027102803738317757,AF per SS DAY
0.0131524285714286,0.0131524285714286,0.0118371428571429,0,0,0,0,0,0,0,0,0,72508,39.2371,-123.537,H500623,MIGUEL  BERKSTROM,Registered,Johnson Creek,Johnson Creek,MENDOCINO COAST,579481,11/1,3/31,11/1,3/31,0.59,Acre-feet per Year,NA,NA,0-11-01,0-03-31,,152,306,91,,152,152,0.003881578947368421,AF per SS DAY
0.0193543333333333,0.0146736666666667,0.02719,0.049102,0.0275031666666667,0.015573,0,0,0,0,0.002762,0.0219424,73934,39.12086,-123.50759,D032979,JAN  WAX,Registered,Mill Creek,Navarro River,MENDOCINO COAST,577870,12/15,3/31,11/2,6/30,2.77,Acre-feet per Year,NA,NA,0-11-02,0-06-30,,242,350,91,,108,242,0.011446280991735537,AF per SS DAY
0.00808129832,0.00808129832,0.00439869832,0,0,0,0,0,0,0,0.008822835,0.009590085,74041,39.13126,-123.511143,H500746,AIHIBED  SEIDELL,Registered,Unnamed Stream,Unnamed Stream,MENDOCINO COAST,587164,11/1,3/31,11/1,3/31,0.33,Acre-feet per Year,NA,NA,0-11-01,0-03-31,,152,306,91,,152,152,0.0021710526315789473,AF per SS DAY
0.0786,0.0756,0.0318,0.0164,0,0,0,0,0,0,0.02025,0.0395,74761,39.054223,-123.404545,D033006,GARLINGTON FAMILY TRUST,Registered,Unnamed Stream,Anderson Creek,MENDOCINO COAST,593754,NA,NA,11/1,5/14,0.64,Acre-feet per Year,NA,NA,0-11-01,0-05-14,,196,NA,NA,,0,196,0.0032653061224489797,AF per SS DAY
0.0236701666666667,0.0281926666666667,0.0491056666666667,0.126672,0.0141001666666667,0.025347,0.0324745,0.0284115,0.0164843333333333,0,0,0,74678,39.033921,-123.393206,H504776,STEPHANIE  TEBBUTT,Registered,Unnamed Spring,Anderson Creek,MENDOCINO COAST,429109,11/1,3/31,11/1,3/31,0.49,Acre-feet per Year,NA,NA,0-11-01,0-03-31,,152,306,91,,152,152,0.0032236842105263157,AF per SS DAY
0.0236701666666667,0.0281926666666667,0.0491056666666667,0.126672,0.0141001666666667,0.025347,0.0324745,0.0284115,0.0164843333333333,0,0,0,74679,39.03390539,-123.39322477,H504776,STEPHANIE  TEBBUTT,Registered,Unnamed Spring,Anderson Creek,MENDOCINO COAST,429109,11/1,3/31,11/1,3/31,0.49,Acre-feet per Year,NA,NA,0-11-01,0-03-31,,152,306,91,,152,152,0.0032236842105263157,AF per SS DAY
0.00170476666666667,0.00170476666666667,0.00170476666666667,0,0,0,0,0,0,0,0,0,75586,39.001284,-123.434332,H506046,NATHAN  DELMER,Registered,Unnamed Spring,Unnamed Stream,MENDOCINO COAST,597252,11/1,3/31,11/1,3/31,0.35,Acre-feet per Year,NA,NA,0-11-01,0-03-31,,152,306,91,,152,152,0.002302631578947368,AF per SS DAY
0,0,0,0.004603,0.004603,0.004603,0.004603,0.004603,0.0039894,0,0,0,77222,39.06941499,-123.45594017,D033091,DIANNA  CHARLES,Registered,Unnamed Spring,Navarro River,MENDOCINO COAST,604495,11/1,5/14,11/1,5/14,3.7,Acre-feet per Year,NA,NA,0-11-01,0-05-14,,196,306,135,,196,196,0.018877551020408164,AF per SS DAY
0,0,0,0,0,0,0,0,0,0,0,0,77379,39.227852,-123.514764,H505075,ANNE-CAROLE  FOUCTEAU-RECTOR,Registered,Unnamed Stream,John Smith Creek,MENDOCINO COAST,605226,11/1,3/31,11/1,3/31,0.1,Acre-feet per Year,NA,NA,0-11-01,0-03-31,,152,306,91,,152,152,6.578947368421052e-4,AF per SS DAY
0.9475,0.0475,0,0,0,0,0,0,0,0,0,3.58333333333333,77880,39.02986954,-123.38054426,H033104,CASTELLO DI AMOROSA - DENNISON RANCH,Registered,Witherall Creek,Anderson Creek,MENDOCINO COAST,606081,12/15,3/31,NA,NA,20,Acre-feet per Year,NA,NA,NA,NA,,0,350,91,,108,108,0.18518518518518517,AF per SS DAY
0.019027,0.06371,0.084778,0.063649,0.0192805,0.0024165,0,0,0,0,0,0.0161115,83897,39.11650646,-123.51069615,H033269,PAMELA  LAIRD,Registered,Mill Creek,Navarro River,MENDOCINO COAST,438413,11/1,6/30,NA,NA,0.6,Acre-feet per Year,NA,NA,NA,NA,,0,306,182,,243,243,0.0024691358024691358,AF per SS DAY
